Info 2026-01-27 18:12:46 正在登录https://www.turnitin.com/login_page.asp?lang=en_us，账号为zihengwang@um.edu.mo,密码为：Wzh19970101&&
Info 2026-01-27 18:12:50 登录https://www.turnitin.com/login_page.asp?lang=en_us成功
Info 2026-01-27 18:13:55 正在登录https://www.turnitin.com/login_page.asp?lang=en_us，账号为zihengwang@um.edu.mo,密码为：Wzh19970101&&
Info 2026-01-27 18:14:01 登录https://www.turnitin.com/login_page.asp?lang=en_us成功
Info 2026-01-27 18:17:02 正在登录https://www.turnitin.com/login_page.asp?lang=en_us，账号为zihengwang@um.edu.mo,密码为：Wzh19970101&&
Info 2026-01-27 18:17:07 登录https://www.turnitin.com/login_page.asp?lang=en_us成功
Info 2026-01-27 18:20:10 正在登录https://www.turnitin.com/login_page.asp?lang=en_us，账号为zihengwang@um.edu.mo,密码为：Wzh19970101&&
Info 2026-01-27 18:20:18 登录https://www.turnitin.com/login_page.asp?lang=en_us成功
Info 2026-01-27 18:21:47 尝试获取旧版页面标签
Info 2026-01-27 18:21:47 尝试获取新版页面标签
Info 2026-01-27 18:21:47 获取新版标签，开始下载相似度报告
Info 2026-01-27 18:21:47 模拟执行下载按钮点击，让其弹出下载列表
Info 2026-01-27 18:21:52 模拟执行下载报告，等待下载
Info 2026-01-27 18:22:02 下载报告成功,并保存至指定目录：C:\Users\Administrator
Info 2026-01-27 18:22:07 获取新版标签，开始下载AI率报告
Info 2026-01-27 18:22:07 模拟执行下载按钮点击，让其弹出下载列表
Info 2026-01-27 18:22:12 模拟执行下载报告，等待下载
Info 2026-01-27 18:22:22 下载报告成功,并保存至指定目录：C:\Users\Administrator
 2026-01-27 18:22:22 {"msg":"","code":0,"data":{"src":"checkpapers-2026-01-27-ePerig37697891e075a90.pdf","title":""}}
Info 2026-01-27 18:22:45 尝试获取旧版页面标签
Info 2026-01-27 18:22:45 尝试获取新版页面标签
Info 2026-01-27 18:22:45 获取新版标签，开始下载相似度报告
Info 2026-01-27 18:22:45 模拟执行下载按钮点击，让其弹出下载列表
Info 2026-01-27 18:22:50 模拟执行下载报告，等待下载
Info 2026-01-27 18:23:05 下载报告成功,并保存至指定目录：C:\Users\Administrator
Info 2026-01-27 18:23:10 获取新版标签，开始下载AI率报告
Info 2026-01-27 18:23:10 模拟执行下载按钮点击，让其弹出下载列表
Info 2026-01-27 18:23:15 模拟执行下载报告，等待下载
Info 2026-01-27 18:23:25 下载报告成功,并保存至指定目录：C:\Users\Administrator
 2026-01-27 18:23:25 {"msg":"","code":0,"data":{"src":"checkpapers-2026-01-27-oHOUlR976978921f9437c.pdf","title":""}}
Info 2026-01-27 18:23:47 尝试获取旧版页面标签
Info 2026-01-27 18:23:48 尝试获取新版页面标签
Info 2026-01-27 18:23:48 获取新版标签，开始下载相似度报告
Info 2026-01-27 18:23:48 模拟执行下载按钮点击，让其弹出下载列表
Info 2026-01-27 18:23:53 模拟执行下载报告，等待下载
Info 2026-01-27 18:24:08 下载报告成功,并保存至指定目录：C:\Users\Administrator
Info 2026-01-27 18:24:13 获取新版标签，开始下载AI率报告
Info 2026-01-27 18:24:13 模拟执行下载按钮点击，让其弹出下载列表
Info 2026-01-27 18:24:18 模拟执行下载报告，等待下载
Info 2026-01-27 18:24:33 下载报告成功,并保存至指定目录：C:\Users\Administrator
 2026-01-27 18:24:33 {"msg":"","code":0,"data":{"src":"checkpapers-2026-01-27-nriKdsCE697892635e72a.pdf","title":""}}
Info 2026-01-27 18:24:55 尝试获取旧版页面标签
Info 2026-01-27 18:24:55 尝试获取新版页面标签
Info 2026-01-27 18:24:55 获取新版标签，开始下载相似度报告
Info 2026-01-27 18:24:55 模拟执行下载按钮点击，让其弹出下载列表
Info 2026-01-27 18:25:00 模拟执行下载报告，等待下载
Info 2026-01-27 18:25:47 正在登录https://www.turnitin.com/login_page.asp?lang=en_us，账号为zihengwang@um.edu.mo,密码为：Wzh19970101&&
Info 2026-01-27 18:25:54 登录https://www.turnitin.com/login_page.asp?lang=en_us成功
Info 2026-01-27 18:26:23 尝试获取旧版页面标签
Info 2026-01-27 18:26:23 尝试获取新版页面标签
Info 2026-01-27 18:26:23 获取新版标签，开始下载相似度报告
Info 2026-01-27 18:26:28 获取新版标签，开始下载AI率报告
Info 2026-01-27 18:26:28 模拟执行下载按钮点击，让其弹出下载列表
Info 2026-01-27 18:26:33 模拟执行下载报告，等待下载
Info 2026-01-27 18:26:43 下载报告成功,并保存至指定目录：C:\Users\Administrator
Info 2026-01-27 18:26:47 模拟执行下载按钮点击，让其弹出下载列表
Info 2026-01-27 18:26:52 模拟执行下载报告，等待下载
Info 2026-01-27 18:27:12 下载报告成功,并保存至指定目录：C:\Users\Administrator
 2026-01-27 18:27:13 {"msg":"","code":0,"data":{"src":"checkpapers-2026-01-27-xW5c15bX697893031d092.pdf","title":""}}
Info 2026-01-27 18:27:35 尝试获取旧版页面标签
Info 2026-01-27 18:27:36 尝试获取新版页面标签
Info 2026-01-27 18:27:36 获取新版标签，开始下载相似度报告
Info 2026-01-27 18:27:36 模拟执行下载按钮点击，让其弹出下载列表
Info 2026-01-27 18:27:41 模拟执行下载报告，等待下载
Info 2026-01-27 18:27:56 下载报告成功,并保存至指定目录：C:\Users\Administrator
Info 2026-01-27 18:28:01 获取新版标签，开始下载AI率报告
Info 2026-01-27 18:28:01 模拟执行下载按钮点击，让其弹出下载列表
Info 2026-01-27 18:28:06 模拟执行下载报告，等待下载
Info 2026-01-27 18:28:16 下载报告成功,并保存至指定目录：C:\Users\Administrator
 2026-01-27 18:28:16 {"msg":"","code":0,"data":{"src":"checkpapers-2026-01-27-CbjdXgpR69789342637da.pdf","title":""}}
Info 2026-01-27 18:28:38 尝试获取旧版页面标签
Info 2026-01-27 18:28:39 尝试获取新版页面标签
Info 2026-01-27 18:28:39 获取新版标签，开始下载相似度报告
Info 2026-01-27 18:28:39 模拟执行下载按钮点击，让其弹出下载列表
Info 2026-01-27 18:28:44 模拟执行下载报告，等待下载
Info 2026-01-27 18:29:04 下载报告成功,并保存至指定目录：C:\Users\Administrator
Info 2026-01-27 18:29:09 获取新版标签，开始下载AI率报告
Info 2026-01-27 18:29:09 模拟执行下载按钮点击，让其弹出下载列表
Info 2026-01-27 18:29:14 模拟执行下载报告，等待下载
Info 2026-01-27 18:29:29 下载报告成功,并保存至指定目录：C:\Users\Administrator
 2026-01-27 18:29:29 {"msg":"","code":0,"data":{"src":"checkpapers-2026-01-27-VFAfW1UC6978938b6cb3b.pdf","title":""}}
Info 2026-01-27 18:29:52 尝试获取旧版页面标签
Info 2026-01-27 18:29:52 尝试获取新版页面标签
Info 2026-01-27 18:29:52 获取新版标签，开始下载相似度报告
Info 2026-01-27 18:29:52 模拟执行下载按钮点击，让其弹出下载列表
Info 2026-01-27 18:29:57 模拟执行下载报告，等待下载
Info 2026-01-27 18:30:12 下载报告成功,并保存至指定目录：C:\Users\Administrator
Info 2026-01-27 18:30:17 获取新版标签，开始下载AI率报告
Info 2026-01-27 18:30:17 模拟执行下载按钮点击，让其弹出下载列表
Info 2026-01-27 18:30:22 模拟执行下载报告，等待下载
Info 2026-01-27 18:30:37 下载报告成功,并保存至指定目录：C:\Users\Administrator
 2026-01-27 18:30:38 {"msg":"","code":0,"data":{"src":"checkpapers-2026-01-27-xG2xIZYg697893cfb7b18.pdf","title":""}}
Info 2026-01-27 18:30:59 尝试获取旧版页面标签
Info 2026-01-27 18:30:59 尝试获取新版页面标签
Info 2026-01-27 18:31:00 获取新版标签，开始下载相似度报告
Info 2026-01-27 18:31:00 模拟执行下载按钮点击，让其弹出下载列表
Info 2026-01-27 18:31:05 模拟执行下载报告，等待下载
Info 2026-01-27 18:31:20 下载报告成功,并保存至指定目录：C:\Users\Administrator
Info 2026-01-27 18:31:25 获取新版标签，开始下载AI率报告
Info 2026-01-27 18:31:25 模拟执行下载按钮点击，让其弹出下载列表
Info 2026-01-27 18:31:30 模拟执行下载报告，等待下载
Info 2026-01-27 18:31:40 下载报告成功,并保存至指定目录：C:\Users\Administrator
 2026-01-27 18:31:40 {"msg":"","code":0,"data":{"src":"checkpapers-2026-01-27-C87r3X8p6978940e7ab5c.pdf","title":""}}
Info 2026-01-27 18:32:03 尝试获取旧版页面标签
Info 2026-01-27 18:32:03 尝试获取新版页面标签
Info 2026-01-27 18:32:03 获取新版标签，开始下载相似度报告
Info 2026-01-27 18:32:03 模拟执行下载按钮点击，让其弹出下载列表
Info 2026-01-27 18:32:08 模拟执行下载报告，等待下载
Info 2026-01-27 18:32:24 下载报告成功,并保存至指定目录：C:\Users\Administrator
Info 2026-01-27 18:32:29 获取新版标签，开始下载AI率报告
Info 2026-01-27 18:32:29 模拟执行下载按钮点击，让其弹出下载列表
Info 2026-01-27 18:32:34 模拟执行下载报告，等待下载
Info 2026-01-27 18:32:44 下载报告成功,并保存至指定目录：C:\Users\Administrator
 2026-01-27 18:32:44 {"msg":"","code":0,"data":{"src":"checkpapers-2026-01-27-xAxppQk86978944e806e1.pdf","title":""}}
Info 2026-01-27 18:33:07 尝试获取旧版页面标签
Info 2026-01-27 18:33:07 尝试获取新版页面标签
Info 2026-01-27 18:33:07 获取新版标签，开始下载相似度报告
Info 2026-01-27 18:33:07 模拟执行下载按钮点击，让其弹出下载列表
Info 2026-01-27 18:33:12 模拟执行下载报告，等待下载
Info 2026-01-27 18:33:32 下载报告成功,并保存至指定目录：C:\Users\Administrator
Info 2026-01-27 18:33:37 获取新版标签，开始下载AI率报告
Info 2026-01-27 18:33:37 模拟执行下载按钮点击，让其弹出下载列表
Info 2026-01-27 18:33:42 模拟执行下载报告，等待下载
Info 2026-01-27 18:34:02 下载报告成功,并保存至指定目录：C:\Users\Administrator
 2026-01-27 18:34:03 {"msg":"","code":0,"data":{"src":"checkpapers-2026-01-27-mEvq6Rr16978949d0e1c4.pdf","title":""}}
Info 2026-01-27 18:34:26 尝试获取旧版页面标签
Info 2026-01-27 18:34:26 尝试获取新版页面标签
Info 2026-01-27 18:34:26 获取新版标签，开始下载相似度报告
Info 2026-01-27 18:34:26 模拟执行下载按钮点击，让其弹出下载列表
Info 2026-01-27 18:34:31 模拟执行下载报告，等待下载
Info 2026-01-27 18:34:46 下载报告成功,并保存至指定目录：C:\Users\Administrator
Info 2026-01-27 18:34:52 获取新版标签，开始下载AI率报告
Info 2026-01-27 18:34:52 模拟执行下载按钮点击，让其弹出下载列表
Info 2026-01-27 18:34:57 模拟执行下载报告，等待下载
Info 2026-01-27 18:35:07 下载报告成功,并保存至指定目录：C:\Users\Administrator
 2026-01-27 18:35:07 {"msg":"","code":0,"data":{"src":"checkpapers-2026-01-27-hl6qTcPK697894dd41f1e.pdf","title":""}}
Info 2026-01-27 18:35:29 尝试获取旧版页面标签
Info 2026-01-27 18:35:29 尝试获取新版页面标签
Info 2026-01-27 18:35:30 获取新版标签，开始下载相似度报告
Info 2026-01-27 18:35:30 模拟执行下载按钮点击，让其弹出下载列表
Info 2026-01-27 18:35:35 模拟执行下载报告，等待下载
Info 2026-01-27 18:35:50 下载报告成功,并保存至指定目录：C:\Users\Administrator
Info 2026-01-27 18:35:55 获取新版标签，开始下载AI率报告
Info 2026-01-27 18:35:55 模拟执行下载按钮点击，让其弹出下载列表
Info 2026-01-27 18:36:00 模拟执行下载报告，等待下载
Info 2026-01-27 18:36:10 下载报告成功,并保存至指定目录：C:\Users\Administrator
 2026-01-27 18:36:10 {"msg":"","code":0,"data":{"src":"checkpapers-2026-01-27-GGY7Vnr06978951c7e2f0.pdf","title":""}}
Info 2026-01-27 18:36:33 尝试获取旧版页面标签
Info 2026-01-27 18:36:33 尝试获取新版页面标签
Info 2026-01-27 18:36:33 获取新版标签，开始下载相似度报告
Info 2026-01-27 18:36:33 模拟执行下载按钮点击，让其弹出下载列表
Info 2026-01-27 18:36:38 模拟执行下载报告，等待下载
Info 2026-01-27 18:37:08 下载报告成功,并保存至指定目录：C:\Users\Administrator
Info 2026-01-27 18:37:13 获取新版标签，开始下载AI率报告
Info 2026-01-27 18:37:13 模拟执行下载按钮点击，让其弹出下载列表
Info 2026-01-27 18:37:18 模拟执行下载报告，等待下载
Info 2026-01-27 18:37:28 下载报告成功,并保存至指定目录：C:\Users\Administrator
 2026-01-27 18:37:29 {"msg":"","code":0,"data":{"src":"checkpapers-2026-01-27-Tud9D5ld6978956b4eda8.pdf","title":""}}
Info 2026-01-27 18:38:38 正在登录https://www.turnitin.com/login_page.asp?lang=en_us，账号为zihengwang@um.edu.mo,密码为：Wzh19970101&&
Info 2026-01-27 18:38:44 登录https://www.turnitin.com/login_page.asp?lang=en_us成功
Info 2026-01-27 18:39:06 尝试获取旧版页面标签
Info 2026-01-27 18:39:06 尝试获取新版页面标签
Info 2026-01-27 18:39:06 获取新版标签，开始下载相似度报告
Info 2026-01-27 18:39:12 获取新版标签，开始下载AI率报告
Info 2026-01-27 18:39:12 模拟执行下载按钮点击，让其弹出下载列表
Info 2026-01-27 18:39:17 模拟执行下载报告，等待下载
Info 2026-01-27 18:39:32 下载报告成功,并保存至指定目录：C:\Users\Administrator
Info 2026-01-27 18:39:36 模拟执行下载按钮点击，让其弹出下载列表
Info 2026-01-27 18:39:41 模拟执行下载报告，等待下载
Info 2026-01-27 18:39:56 下载报告成功,并保存至指定目录：C:\Users\Administrator
 2026-01-27 18:39:57 {"msg":"","code":0,"data":{"src":"checkpapers-2026-01-27-lHsN8pB0697895fef37b6.pdf","title":""}}
Info 2026-01-27 18:59:10 正在登录https://www.turnitin.com/login_page.asp?lang=en_us，账号为zihengwang@um.edu.mo,密码为：Wzh19970101&&
Info 2026-01-27 18:59:17 登录https://www.turnitin.com/login_page.asp?lang=en_us成功
Info 2026-01-27 18:59:40 尝试获取旧版页面标签
Info 2026-01-27 18:59:40 尝试获取新版页面标签
Info 2026-01-27 18:59:40 获取新版标签，开始下载相似度报告
Info 2026-01-27 18:59:40 模拟执行下载按钮点击，让其弹出下载列表
Info 2026-01-27 18:59:46 模拟执行下载报告，等待下载
Info 2026-01-27 19:00:01 下载报告成功,并保存至指定目录：C:\Users\Administrator
Info 2026-01-27 19:00:06 获取新版标签，开始下载AI率报告
Info 2026-01-27 19:00:07 模拟执行下载按钮点击，让其弹出下载列表
Info 2026-01-27 19:00:12 模拟执行下载报告，等待下载
Info 2026-01-27 19:00:22 下载报告成功,并保存至指定目录：C:\Users\Administrator
 2026-01-27 19:00:24 {"msg":"","code":0,"data":{"src":"checkpapers-2026-01-27-O89RbVGy69789ac9c4ac3.pdf","title":""}}
Info 2026-01-27 19:02:06 尝试获取旧版页面标签
Info 2026-01-27 19:02:08 尝试获取新版页面标签
Info 2026-01-27 19:02:10 获取新版标签，开始下载相似度报告
Info 2026-01-27 19:02:11 模拟执行下载按钮点击，让其弹出下载列表
Info 2026-01-27 19:02:16 模拟执行下载报告，等待下载
Info 2026-01-27 19:02:31 下载报告成功,并保存至指定目录：C:\Users\Administrator
Info 2026-01-27 19:02:37 获取新版标签，开始下载AI率报告
Info 2026-01-27 19:02:37 模拟执行下载按钮点击，让其弹出下载列表
Info 2026-01-27 19:02:42 模拟执行下载报告，等待下载
Info 2026-01-27 19:02:52 下载报告成功,并保存至指定目录：C:\Users\Administrator
 2026-01-27 19:02:53 {"msg":"","code":0,"data":{"src":"checkpapers-2026-01-27-hjPEkX2X69789b5f0ecab.pdf","title":""}}
Info 2026-01-27 19:03:15 尝试获取旧版页面标签
Info 2026-01-27 19:03:15 尝试获取新版页面标签
Info 2026-01-27 19:03:15 获取新版标签，开始下载相似度报告
Info 2026-01-27 19:03:15 模拟执行下载按钮点击，让其弹出下载列表
Info 2026-01-27 19:03:20 模拟执行下载报告，等待下载
Info 2026-01-27 19:03:35 下载报告成功,并保存至指定目录：C:\Users\Administrator
Info 2026-01-27 19:03:47 获取新版标签，开始下载AI率报告
Info 2026-01-27 19:03:48 模拟执行下载按钮点击，让其弹出下载列表
Info 2026-01-27 19:03:53 模拟执行下载报告，等待下载
Info 2026-01-27 19:04:03 下载报告成功,并保存至指定目录：C:\Users\Administrator
 2026-01-27 19:04:04 {"msg":"","code":0,"data":{"src":"checkpapers-2026-01-27-U0S2X4Gm69789ba695c2f.pdf","title":""}}
Info 2026-01-27 19:04:38 尝试获取旧版页面标签
Info 2026-01-27 19:04:38 尝试获取新版页面标签
Info 2026-01-27 19:04:39 获取新版标签，开始下载相似度报告
Info 2026-01-27 19:04:39 模拟执行下载按钮点击，让其弹出下载列表
Info 2026-01-27 19:04:45 模拟执行下载报告，等待下载
Info 2026-01-27 19:05:01 下载报告成功,并保存至指定目录：C:\Users\Administrator
Info 2026-01-27 19:05:06 获取新版标签，开始下载AI率报告
Info 2026-01-27 19:05:06 模拟执行下载按钮点击，让其弹出下载列表
Info 2026-01-27 19:05:11 模拟执行下载报告，等待下载
Info 2026-01-27 19:05:26 下载报告成功,并保存至指定目录：C:\Users\Administrator
 2026-01-27 19:05:27 {"msg":"","code":0,"data":{"src":"checkpapers-2026-01-27-8iiRDI6n69789bf9145f3.pdf","title":""}}
Info 2026-01-27 19:06:02 尝试获取旧版页面标签
Info 2026-01-27 19:06:02 尝试获取新版页面标签
Info 2026-01-27 19:06:03 获取新版标签，开始下载相似度报告
Info 2026-01-27 19:06:03 模拟执行下载按钮点击，让其弹出下载列表
Info 2026-01-27 19:06:08 模拟执行下载报告，等待下载
Info 2026-01-27 19:06:23 下载报告成功,并保存至指定目录：C:\Users\Administrator
Info 2026-01-27 19:06:28 获取新版标签，开始下载AI率报告
Info 2026-01-27 19:06:29 模拟执行下载按钮点击，让其弹出下载列表
Info 2026-01-27 19:06:34 模拟执行下载报告，等待下载
Info 2026-01-27 19:06:49 下载报告成功,并保存至指定目录：C:\Users\Administrator
 2026-01-27 19:06:50 {"msg":"","code":0,"data":{"src":"checkpapers-2026-01-27-6Zib3vIj69789c4c09fc9.pdf","title":""}}
Info 2026-01-27 19:07:23 尝试获取旧版页面标签
Info 2026-01-27 19:07:24 尝试获取新版页面标签
Info 2026-01-27 19:07:24 获取新版标签，开始下载相似度报告
Info 2026-01-27 19:07:25 模拟执行下载按钮点击，让其弹出下载列表
Info 2026-01-27 19:07:30 模拟执行下载报告，等待下载
Info 2026-01-27 19:07:56 下载报告成功,并保存至指定目录：C:\Users\Administrator
Info 2026-01-27 19:08:01 获取新版标签，开始下载AI率报告
Info 2026-01-27 19:08:01 模拟执行下载按钮点击，让其弹出下载列表
Info 2026-01-27 19:08:06 模拟执行下载报告，等待下载
Info 2026-01-27 19:08:31 下载报告成功,并保存至指定目录：C:\Users\Administrator
 2026-01-27 19:08:32 {"msg":"","code":0,"data":{"src":"checkpapers-2026-01-27-ewTgg68S69789cb1e0f39.pdf","title":""}}
Info 2026-01-27 19:08:56 尝试获取旧版页面标签
Info 2026-01-27 19:08:57 尝试获取新版页面标签
Info 2026-01-27 19:08:59 获取新版标签，开始下载相似度报告
Info 2026-01-27 19:08:59 模拟执行下载按钮点击，让其弹出下载列表
Info 2026-01-27 19:09:04 模拟执行下载报告，等待下载
Info 2026-01-27 19:09:19 下载报告成功,并保存至指定目录：C:\Users\Administrator
Info 2026-01-27 19:09:24 获取新版标签，开始下载AI率报告
Info 2026-01-27 19:09:25 模拟执行下载按钮点击，让其弹出下载列表
Info 2026-01-27 19:09:30 模拟执行下载报告，等待下载
Info 2026-01-27 19:09:45 下载报告成功,并保存至指定目录：C:\Users\Administrator
 2026-01-27 19:09:46 {"msg":"","code":0,"data":{"src":"checkpapers-2026-01-27-rK0uLGnd69789cfbbc84c.pdf","title":""}}
Info 2026-01-27 19:10:08 尝试获取旧版页面标签
Info 2026-01-27 19:10:08 尝试获取新版页面标签
Info 2026-01-27 19:10:08 获取新版标签，开始下载相似度报告
Info 2026-01-27 19:10:08 模拟执行下载按钮点击，让其弹出下载列表
Info 2026-01-27 19:10:13 模拟执行下载报告，等待下载
Info 2026-01-27 19:10:28 下载报告成功,并保存至指定目录：C:\Users\Administrator
Info 2026-01-27 19:10:33 获取新版标签，开始下载AI率报告
Info 2026-01-27 19:10:33 模拟执行下载按钮点击，让其弹出下载列表
Info 2026-01-27 19:10:39 模拟执行下载报告，等待下载
Info 2026-01-27 19:10:59 下载报告成功,并保存至指定目录：C:\Users\Administrator
 2026-01-27 19:11:01 {"msg":"","code":0,"data":{"src":"checkpapers-2026-01-27-goOWErW069789d46e143f.pdf","title":""}}
Info 2026-01-27 19:11:32 尝试获取旧版页面标签
Info 2026-01-27 19:11:33 尝试获取新版页面标签
Info 2026-01-27 19:11:33 获取新版标签，开始下载相似度报告
Info 2026-01-27 19:11:33 模拟执行下载按钮点击，让其弹出下载列表
Info 2026-01-27 19:11:38 模拟执行下载报告，等待下载
Info 2026-01-27 19:11:58 下载报告成功,并保存至指定目录：C:\Users\Administrator
Info 2026-01-27 19:12:03 获取新版标签，开始下载AI率报告
Info 2026-01-27 19:12:03 模拟执行下载按钮点击，让其弹出下载列表
Info 2026-01-27 19:12:08 模拟执行下载报告，等待下载
Info 2026-01-27 19:12:23 下载报告成功,并保存至指定目录：C:\Users\Administrator
 2026-01-27 19:12:25 {"msg":"","code":0,"data":{"src":"checkpapers-2026-01-27-gAkuokDW69789d9ae3eaf.pdf","title":""}}
Info 2026-01-27 19:14:36 正在登录https://www.turnitin.com/login_page.asp?lang=en_us，账号为zihengwang@um.edu.mo,密码为：Wzh19970101&&
Info 2026-01-27 19:14:43 登录https://www.turnitin.com/login_page.asp?lang=en_us成功
Info 2026-01-27 19:15:08 尝试获取旧版页面标签
Info 2026-01-27 19:15:09 尝试获取新版页面标签
Info 2026-01-27 19:15:09 获取新版标签，开始下载相似度报告
Info 2026-01-27 19:15:09 模拟执行下载按钮点击，让其弹出下载列表
Info 2026-01-27 19:15:14 模拟执行下载报告，等待下载
Info 2026-01-27 19:15:29 下载报告成功,并保存至指定目录：C:\Users\Administrator
Info 2026-01-27 19:15:34 获取新版标签，开始下载AI率报告
Info 2026-01-27 19:15:35 模拟执行下载按钮点击，让其弹出下载列表
Info 2026-01-27 19:15:40 模拟执行下载报告，等待下载
Info 2026-01-27 19:15:50 下载报告成功,并保存至指定目录：C:\Users\Administrator
 2026-01-27 19:15:52 {"msg":"","code":0,"data":{"src":"checkpapers-2026-01-27-eTOyPJAI69789e69ef2d9.pdf","title":""}}
Info 2026-01-27 19:16:26 尝试获取旧版页面标签
Info 2026-01-27 19:16:26 尝试获取新版页面标签
Info 2026-01-27 19:16:26 获取新版标签，开始下载相似度报告
Info 2026-01-27 19:16:26 模拟执行下载按钮点击，让其弹出下载列表
Info 2026-01-27 19:16:32 模拟执行下载报告，等待下载
Info 2026-01-27 19:16:47 下载报告成功,并保存至指定目录：C:\Users\Administrator
Info 2026-01-27 19:16:52 获取新版标签，开始下载AI率报告
Info 2026-01-27 19:16:52 模拟执行下载按钮点击，让其弹出下载列表
Info 2026-01-27 19:16:57 模拟执行下载报告，等待下载
Info 2026-01-27 19:17:18 下载报告成功,并保存至指定目录：C:\Users\Administrator
 2026-01-27 19:17:41 {"msg":"","code":0,"data":{"src":"checkpapers-2026-01-27-0VHBCqfe69789ed72ede3.pdf","title":""}}
Info 2026-01-27 19:18:05 尝试获取旧版页面标签
Info 2026-01-27 19:18:05 尝试获取新版页面标签
Info 2026-01-27 19:18:05 获取新版标签，开始下载相似度报告
Info 2026-01-27 19:18:05 模拟执行下载按钮点击，让其弹出下载列表
Info 2026-01-27 19:18:16 模拟执行下载报告，等待下载
Info 2026-01-27 19:18:31 下载报告成功,并保存至指定目录：C:\Users\Administrator
Info 2026-01-27 19:18:37 获取新版标签，开始下载AI率报告
Info 2026-01-27 19:18:37 模拟执行下载按钮点击，让其弹出下载列表
Info 2026-01-27 19:18:42 模拟执行下载报告，等待下载
Info 2026-01-27 19:18:52 下载报告成功,并保存至指定目录：C:\Users\Administrator
 2026-01-27 19:18:53 {"msg":"","code":0,"data":{"src":"checkpapers-2026-01-27-GGSr7zxa69789f1ec8965.pdf","title":""}}
Info 2026-01-27 19:19:23 尝试获取旧版页面标签
Info 2026-01-27 19:19:23 尝试获取新版页面标签
Info 2026-01-27 19:19:23 获取新版标签，开始下载相似度报告
Info 2026-01-27 19:19:24 模拟执行下载按钮点击，让其弹出下载列表
Info 2026-01-27 19:19:29 模拟执行下载报告，等待下载
Info 2026-01-27 19:19:44 下载报告成功,并保存至指定目录：C:\Users\Administrator
Info 2026-01-27 19:19:49 获取新版标签，开始下载AI率报告
Info 2026-01-27 19:19:49 模拟执行下载按钮点击，让其弹出下载列表
Info 2026-01-27 19:19:54 模拟执行下载报告，等待下载
Info 2026-01-27 19:20:04 下载报告成功,并保存至指定目录：C:\Users\Administrator
 2026-01-27 19:20:05 {"msg":"","code":0,"data":{"src":"checkpapers-2026-01-27-DUsZx6AC69789f6752367.pdf","title":""}}
Info 2026-01-27 19:20:28 尝试获取旧版页面标签
Info 2026-01-27 19:20:28 尝试获取新版页面标签
Info 2026-01-27 19:20:28 获取新版标签，开始下载相似度报告
Info 2026-01-27 19:20:28 模拟执行下载按钮点击，让其弹出下载列表
Info 2026-01-27 19:20:33 模拟执行下载报告，等待下载
Info 2026-01-27 19:20:48 下载报告成功,并保存至指定目录：C:\Users\Administrator
Info 2026-01-27 19:20:54 获取新版标签，开始下载AI率报告
Info 2026-01-27 19:20:54 模拟执行下载按钮点击，让其弹出下载列表
Info 2026-01-27 19:20:59 模拟执行下载报告，等待下载
Info 2026-01-27 19:21:09 下载报告成功,并保存至指定目录：C:\Users\Administrator
 2026-01-27 19:21:10 {"msg":"","code":0,"data":{"src":"checkpapers-2026-01-27-n8JrBLPr69789fa7d1a99.pdf","title":""}}
Info 2026-01-27 19:21:32 尝试获取旧版页面标签
Info 2026-01-27 19:21:32 尝试获取新版页面标签
Info 2026-01-27 19:21:32 获取新版标签，开始下载相似度报告
Info 2026-01-27 19:21:32 模拟执行下载按钮点击，让其弹出下载列表
Info 2026-01-27 19:21:37 模拟执行下载报告，等待下载
Info 2026-01-27 19:21:52 下载报告成功,并保存至指定目录：C:\Users\Administrator
Info 2026-01-27 19:21:57 获取新版标签，开始下载AI率报告
Info 2026-01-27 19:21:57 模拟执行下载按钮点击，让其弹出下载列表
Info 2026-01-27 19:22:02 模拟执行下载报告，等待下载
Info 2026-01-27 19:22:18 下载报告成功,并保存至指定目录：C:\Users\Administrator
 2026-01-27 19:22:19 {"msg":"","code":0,"data":{"src":"checkpapers-2026-01-27-sQPNZr9L69789fecb33fd.pdf","title":""}}
Info 2026-01-27 19:22:50 尝试获取旧版页面标签
Info 2026-01-27 19:22:50 尝试获取新版页面标签
Info 2026-01-27 19:22:50 获取新版标签，开始下载相似度报告
Info 2026-01-27 19:22:50 模拟执行下载按钮点击，让其弹出下载列表
Info 2026-01-27 19:22:56 模拟执行下载报告，等待下载
Info 2026-01-27 19:23:36 下载报告成功,并保存至指定目录：C:\Users\Administrator
Info 2026-01-27 19:23:41 获取新版标签，开始下载AI率报告
Info 2026-01-27 19:23:41 模拟执行下载按钮点击，让其弹出下载列表
Info 2026-01-27 19:23:46 模拟执行下载报告，等待下载
Info 2026-01-27 19:24:16 下载报告成功,并保存至指定目录：C:\Users\Administrator
 2026-01-27 19:24:17 {"msg":"","code":0,"data":{"src":"checkpapers-2026-01-27-akuH7xcE6978a0636924a.pdf","title":""}}
Info 2026-01-27 19:24:40 尝试获取旧版页面标签
Info 2026-01-27 19:24:40 尝试获取新版页面标签
Info 2026-01-27 19:24:40 获取新版标签，开始下载相似度报告
Info 2026-01-27 19:24:40 模拟执行下载按钮点击，让其弹出下载列表
Info 2026-01-27 19:24:45 模拟执行下载报告，等待下载
Info 2026-01-27 19:25:05 下载报告成功,并保存至指定目录：C:\Users\Administrator
Info 2026-01-27 19:25:10 获取新版标签，开始下载AI率报告
Info 2026-01-27 19:25:10 模拟执行下载按钮点击，让其弹出下载列表
Info 2026-01-27 19:25:16 模拟执行下载报告，等待下载
Info 2026-01-27 19:25:31 下载报告成功,并保存至指定目录：C:\Users\Administrator
 2026-01-27 19:25:32 {"msg":"","code":0,"data":{"src":"checkpapers-2026-01-27-bED5yA9R6978a0ae3b145.pdf","title":""}}
Info 2026-01-27 19:26:14 尝试获取旧版页面标签
Info 2026-01-27 19:26:15 尝试获取新版页面标签
Info 2026-01-27 19:26:15 获取新版标签，开始下载相似度报告
Info 2026-01-27 19:26:15 模拟执行下载按钮点击，让其弹出下载列表
Info 2026-01-27 19:26:20 模拟执行下载报告，等待下载
Info 2026-01-27 19:26:35 下载报告成功,并保存至指定目录：C:\Users\Administrator
Info 2026-01-27 19:26:40 获取新版标签，开始下载AI率报告
Info 2026-01-27 19:26:40 模拟执行下载按钮点击，让其弹出下载列表
Info 2026-01-27 19:26:45 模拟执行下载报告，等待下载
Info 2026-01-27 19:26:55 下载报告成功,并保存至指定目录：C:\Users\Administrator
 2026-01-27 19:26:56 {"msg":"","code":0,"data":{"src":"checkpapers-2026-01-27-aMTeGswU6978a10284b47.pdf","title":""}}
Info 2026-01-27 19:27:31 尝试获取旧版页面标签
Info 2026-01-27 19:27:32 尝试获取新版页面标签
Info 2026-01-27 19:27:32 获取新版标签，开始下载相似度报告
Info 2026-01-27 19:27:33 模拟执行下载按钮点击，让其弹出下载列表
Info 2026-01-27 19:27:38 模拟执行下载报告，等待下载
Info 2026-01-27 19:27:53 下载报告成功,并保存至指定目录：C:\Users\Administrator
Info 2026-01-27 19:27:58 获取新版标签，开始下载AI率报告
Info 2026-01-27 19:27:58 模拟执行下载按钮点击，让其弹出下载列表
Info 2026-01-27 19:28:03 模拟执行下载报告，等待下载
Info 2026-01-27 19:28:18 下载报告成功,并保存至指定目录：C:\Users\Administrator
 2026-01-27 19:28:19 {"msg":"","code":0,"data":{"src":"checkpapers-2026-01-27-ApIhf0cr6978a15518339.pdf","title":""}}
Info 2026-01-27 19:29:33 正在登录https://www.turnitin.com/login_page.asp?lang=en_us，账号为zihengwang@um.edu.mo,密码为：Wzh19970101&&
Info 2026-01-27 19:29:40 登录https://www.turnitin.com/login_page.asp?lang=en_us成功
Info 2026-01-27 19:30:03 尝试获取旧版页面标签
Info 2026-01-27 19:30:03 尝试获取新版页面标签
Info 2026-01-27 19:30:03 获取新版标签，开始下载相似度报告
Info 2026-01-27 19:30:03 模拟执行下载按钮点击，让其弹出下载列表
Info 2026-01-27 19:30:08 模拟执行下载报告，等待下载
Info 2026-01-27 19:30:28 下载报告成功,并保存至指定目录：C:\Users\Administrator
Info 2026-01-27 19:30:34 获取新版标签，开始下载AI率报告
Info 2026-01-27 19:30:34 模拟执行下载按钮点击，让其弹出下载列表
Info 2026-01-27 19:30:39 模拟执行下载报告，等待下载
Info 2026-01-27 19:30:54 下载报告成功,并保存至指定目录：C:\Users\Administrator
 2026-01-27 19:30:55 {"msg":"","code":0,"data":{"src":"checkpapers-2026-01-27-z8fUSHDa6978a1f13d3f2.pdf","title":""}}
Info 2026-01-27 19:31:17 尝试获取旧版页面标签
Info 2026-01-27 19:31:17 尝试获取新版页面标签
Info 2026-01-27 19:31:18 获取新版标签，开始下载相似度报告
Info 2026-01-27 19:31:18 模拟执行下载按钮点击，让其弹出下载列表
Info 2026-01-27 19:31:23 模拟执行下载报告，等待下载
Info 2026-01-27 19:31:53 下载报告成功,并保存至指定目录：C:\Users\Administrator
Info 2026-01-27 19:31:58 获取新版标签，开始下载AI率报告
Info 2026-01-27 19:31:58 模拟执行下载按钮点击，让其弹出下载列表
Info 2026-01-27 19:32:03 模拟执行下载报告，等待下载
Info 2026-01-27 19:32:29 下载报告成功,并保存至指定目录：C:\Users\Administrator
 2026-01-27 19:32:30 {"msg":"","code":0,"data":{"src":"checkpapers-2026-01-27-JlN0KmJi6978a2507fa7e.pdf","title":""}}
Info 2026-01-27 19:34:34 尝试获取旧版页面标签
Info 2026-01-27 19:34:34 尝试获取新版页面标签
Info 2026-01-27 19:34:34 获取新版标签，开始下载相似度报告
Info 2026-01-27 19:34:35 模拟执行下载按钮点击，让其弹出下载列表
Info 2026-01-27 19:34:40 模拟执行下载报告，等待下载
Info 2026-01-27 19:35:00 下载报告成功,并保存至指定目录：C:\Users\Administrator
Info 2026-01-27 19:35:06 获取新版标签，开始下载AI率报告
Info 2026-01-27 19:35:06 模拟执行下载按钮点击，让其弹出下载列表
Info 2026-01-27 19:35:11 模拟执行下载报告，等待下载
Info 2026-01-27 19:35:41 下载报告成功,并保存至指定目录：C:\Users\Administrator
 2026-01-27 19:35:42 {"msg":"","code":0,"data":{"src":"checkpapers-2026-01-27-cO0jEodX6978a30fd2e85.pdf","title":""}}
Info 2026-01-27 19:36:09 尝试获取旧版页面标签
Info 2026-01-27 19:36:09 尝试获取新版页面标签
Info 2026-01-27 19:36:09 获取新版标签，开始下载相似度报告
Info 2026-01-27 19:36:09 模拟执行下载按钮点击，让其弹出下载列表
Info 2026-01-27 19:36:15 模拟执行下载报告，等待下载
Info 2026-01-27 19:36:30 下载报告成功,并保存至指定目录：C:\Users\Administrator
Info 2026-01-27 19:36:41 获取新版标签，开始下载AI率报告
Info 2026-01-27 19:36:41 模拟执行下载按钮点击，让其弹出下载列表
Info 2026-01-27 19:36:46 模拟执行下载报告，等待下载
Info 2026-01-27 19:37:01 下载报告成功,并保存至指定目录：C:\Users\Administrator
 2026-01-27 19:37:04 {"msg":"","code":0,"data":{"src":"checkpapers-2026-01-27-Tqn3FKKq6978a361c4fd5.pdf","title":""}}
Info 2026-01-27 19:37:44 尝试获取旧版页面标签
Info 2026-01-27 19:37:45 尝试获取新版页面标签
Info 2026-01-27 19:37:46 获取新版标签，开始下载相似度报告
Info 2026-01-27 19:37:46 模拟执行下载按钮点击，让其弹出下载列表
Info 2026-01-27 19:37:52 模拟执行下载报告，等待下载
Info 2026-01-27 19:38:12 下载报告成功,并保存至指定目录：C:\Users\Administrator
Info 2026-01-27 19:38:28 获取新版标签，开始下载AI率报告
Info 2026-01-27 19:38:30 模拟执行下载按钮点击，让其弹出下载列表
Info 2026-01-27 19:38:35 模拟执行下载报告，等待下载
Info 2026-01-27 19:38:50 下载报告成功,并保存至指定目录：C:\Users\Administrator
 2026-01-27 19:38:50 {"msg":"","code":0,"data":{"src":"checkpapers-2026-01-27-h4ClSw0n6978a3cca2666.pdf","title":""}}
Info 2026-01-27 19:39:29 尝试获取旧版页面标签
Info 2026-01-27 19:39:29 尝试获取新版页面标签
Info 2026-01-27 19:39:30 获取新版标签，开始下载相似度报告
Info 2026-01-27 19:39:30 模拟执行下载按钮点击，让其弹出下载列表
Info 2026-01-27 19:39:35 模拟执行下载报告，等待下载
Info 2026-01-27 19:40:17 下载报告成功,并保存至指定目录：C:\Users\Administrator
Info 2026-01-27 19:40:23 获取新版标签，开始下载AI率报告
Info 2026-01-27 19:40:23 模拟执行下载按钮点击，让其弹出下载列表
Info 2026-01-27 19:40:29 模拟执行下载报告，等待下载
Info 2026-01-27 19:40:39 下载报告成功,并保存至指定目录：C:\Users\Administrator
 2026-01-27 19:40:40 {"msg":"","code":0,"data":{"src":"checkpapers-2026-01-27-W2TcnURC6978a43a53df8.pdf","title":""}}
Info 2026-01-27 19:41:29 尝试获取旧版页面标签
Info 2026-01-27 19:41:30 尝试获取新版页面标签
Info 2026-01-27 19:41:32 获取新版标签，开始下载相似度报告
Info 2026-01-27 19:41:44 获取新版标签，开始下载AI率报告
Info 2026-01-27 19:41:45 模拟执行下载按钮点击，让其弹出下载列表
Info 2026-01-27 19:41:50 模拟执行下载报告，等待下载
Info 2026-01-27 19:42:12 下载报告成功,并保存至指定目录：C:\Users\Administrator
Info 2026-01-27 19:42:21 模拟执行下载按钮点击，让其弹出下载列表
Info 2026-01-27 19:42:26 模拟执行下载报告，等待下载
Info 2026-01-27 19:42:42 下载报告成功,并保存至指定目录：C:\Users\Administrator
 2026-01-27 19:43:26 {"msg":"","code":0,"data":{"src":"checkpapers-2026-01-27-TmlruIwc6978a4dfbbb00.pdf","title":""}}
Info 2026-01-27 19:51:04 正在登录https://www.turnitin.com/login_page.asp?lang=en_us，账号为zihengwang@um.edu.mo,密码为：Wzh19970101&&
Info 2026-01-27 19:51:09 登录https://www.turnitin.com/login_page.asp?lang=en_us成功
Info 2026-01-27 19:54:27 正在登录https://www.turnitin.com/login_page.asp?lang=en_us，账号为zihengwang@um.edu.mo,密码为：Wzh19970101&&
Info 2026-01-27 19:54:35 登录https://www.turnitin.com/login_page.asp?lang=en_us成功
Info 2026-01-27 19:55:57 尝试获取旧版页面标签
Info 2026-01-27 19:55:57 尝试获取新版页面标签
Info 2026-01-27 19:55:57 获取新版标签，开始下载相似度报告
Info 2026-01-27 19:56:02 获取新版标签，开始下载AI率报告
Info 2026-01-27 19:56:02 模拟执行下载按钮点击，让其弹出下载列表
Info 2026-01-27 19:56:07 文件存在，先删除文件
Info 2026-01-27 19:56:08 模拟执行下载报告，等待下载
Info 2026-01-27 19:56:43 下载报告成功,并保存至指定目录：C:\Users\Administrator
Info 2026-01-27 19:56:49 模拟执行下载按钮点击，让其弹出下载列表
Info 2026-01-27 19:56:54 模拟执行下载报告，等待下载
Info 2026-01-27 19:57:30 下载报告成功,并保存至指定目录：C:\Users\Administrator
 2026-01-27 19:57:39 {"msg":"","code":0,"data":{"src":"checkpapers-2026-01-27-MqumgHrK6978a835739a1.pdf","title":""}}
Info 2026-01-27 19:58:01 尝试获取旧版页面标签
Info 2026-01-27 19:58:02 尝试获取新版页面标签
Info 2026-01-27 19:58:02 获取新版标签，开始下载相似度报告
Info 2026-01-27 19:58:02 模拟执行下载按钮点击，让其弹出下载列表
Info 2026-01-27 19:58:07 模拟执行下载报告，等待下载
Info 2026-01-27 19:58:23 下载报告成功,并保存至指定目录：C:\Users\Administrator
Info 2026-01-27 19:58:31 获取新版标签，开始下载AI率报告
Info 2026-01-27 19:58:32 模拟执行下载按钮点击，让其弹出下载列表
Info 2026-01-27 19:58:37 模拟执行下载报告，等待下载
Info 2026-01-27 19:58:52 下载报告成功,并保存至指定目录：C:\Users\Administrator
 2026-01-27 19:58:53 {"msg":"","code":0,"data":{"src":"checkpapers-2026-01-27-vlfJJ4K06978a87f81bb5.pdf","title":""}}
Info 2026-01-27 19:59:17 尝试获取旧版页面标签
Info 2026-01-27 19:59:19 尝试获取新版页面标签
Info 2026-01-27 19:59:19 获取新版标签，开始下载相似度报告
Info 2026-01-27 19:59:20 模拟执行下载按钮点击，让其弹出下载列表
Info 2026-01-27 19:59:25 模拟执行下载报告，等待下载
Info 2026-01-27 19:59:40 下载报告成功,并保存至指定目录：C:\Users\Administrator
Info 2026-01-27 19:59:45 获取新版标签，开始下载AI率报告
Info 2026-01-27 19:59:45 模拟执行下载按钮点击，让其弹出下载列表
Info 2026-01-27 19:59:50 模拟执行下载报告，等待下载
Info 2026-01-27 20:00:05 下载报告成功,并保存至指定目录：C:\Users\Administrator
 2026-01-27 20:00:06 {"msg":"","code":0,"data":{"src":"checkpapers-2026-01-27-dWtKtpIC6978a8c860a77.pdf","title":""}}
Info 2026-01-27 20:00:29 尝试获取旧版页面标签
Info 2026-01-27 20:00:29 尝试获取新版页面标签
Info 2026-01-27 20:00:29 获取新版标签，开始下载相似度报告
Info 2026-01-27 20:00:29 模拟执行下载按钮点击，让其弹出下载列表
Info 2026-01-27 20:00:41 模拟执行下载报告，等待下载
Info 2026-01-27 20:01:09 下载报告成功,并保存至指定目录：C:\Users\Administrator
Info 2026-01-27 20:01:15 获取新版标签，开始下载AI率报告
Info 2026-01-27 20:01:16 模拟执行下载按钮点击，让其弹出下载列表
Info 2026-01-27 20:01:22 模拟执行下载报告，等待下载
Info 2026-01-27 20:01:37 下载报告成功,并保存至指定目录：C:\Users\Administrator
 2026-01-27 20:01:39 {"msg":"","code":0,"data":{"src":"checkpapers-2026-01-27-rjyLjNca6978a924cb6b6.pdf","title":""}}
Info 2026-01-27 20:02:02 尝试获取旧版页面标签
Info 2026-01-27 20:02:02 尝试获取新版页面标签
Info 2026-01-27 20:02:02 获取新版标签，开始下载相似度报告
Info 2026-01-27 20:02:02 模拟执行下载按钮点击，让其弹出下载列表
Info 2026-01-27 20:02:07 模拟执行下载报告，等待下载
Info 2026-01-27 20:02:22 下载报告成功,并保存至指定目录：C:\Users\Administrator
Info 2026-01-27 20:02:27 获取新版标签，开始下载AI率报告
Info 2026-01-27 20:02:27 模拟执行下载按钮点击，让其弹出下载列表
Info 2026-01-27 20:02:32 模拟执行下载报告，等待下载
Info 2026-01-27 20:02:42 下载报告成功,并保存至指定目录：C:\Users\Administrator
 2026-01-27 20:02:43 {"msg":"","code":0,"data":{"src":"checkpapers-2026-01-27-WzMOI0El6978a9654de5c.pdf","title":""}}
Info 2026-01-27 20:03:56 正在登录https://www.turnitin.com/login_page.asp?lang=en_us，账号为zihengwang@um.edu.mo,密码为：Wzh19970101&&
Info 2026-01-27 20:04:03 登录https://www.turnitin.com/login_page.asp?lang=en_us成功
Info 2026-01-27 20:04:27 尝试获取旧版页面标签
Info 2026-01-27 20:04:27 尝试获取新版页面标签
Info 2026-01-27 20:04:28 获取新版标签，开始下载相似度报告
Info 2026-01-27 20:04:33 获取新版标签，开始下载AI率报告
Info 2026-01-27 20:04:43 模拟执行下载按钮点击，让其弹出下载列表
Info 2026-01-27 20:04:48 模拟执行下载报告，等待下载
Info 2026-01-27 20:05:07 下载报告成功,并保存至指定目录：C:\Users\Administrator
Info 2026-01-27 20:05:08 模拟执行下载按钮点击，让其弹出下载列表
Info 2026-01-27 20:05:13 模拟执行下载报告，等待下载
Info 2026-01-27 20:05:23 下载报告成功,并保存至指定目录：C:\Users\Administrator
 2026-01-27 20:05:25 {"msg":"","code":0,"data":{"src":"checkpapers-2026-01-27-PwEgVuJk6978aa06a5353.pdf","title":""}}
Info 2026-01-27 20:05:47 尝试获取旧版页面标签
Info 2026-01-27 20:05:49 尝试获取新版页面标签
Info 2026-01-27 20:05:50 获取新版标签，开始下载相似度报告
Info 2026-01-27 20:05:50 模拟执行下载按钮点击，让其弹出下载列表
Info 2026-01-27 20:06:05 模拟执行下载报告，等待下载
Info 2026-01-27 20:06:21 下载报告成功,并保存至指定目录：C:\Users\Administrator
Info 2026-01-27 20:06:26 获取新版标签，开始下载AI率报告
Info 2026-01-27 20:06:26 模拟执行下载按钮点击，让其弹出下载列表
Info 2026-01-27 20:06:31 模拟执行下载报告，等待下载
Info 2026-01-27 20:06:47 下载报告成功,并保存至指定目录：C:\Users\Administrator
 2026-01-27 20:06:48 {"msg":"","code":0,"data":{"src":"checkpapers-2026-01-27-iug2Xxp06978aa59c63e1.pdf","title":""}}
Info 2026-01-27 20:07:14 尝试获取旧版页面标签
Info 2026-01-27 20:07:14 尝试获取新版页面标签
Info 2026-01-27 20:07:15 获取新版标签，开始下载相似度报告
Info 2026-01-27 20:07:15 模拟执行下载按钮点击，让其弹出下载列表
Info 2026-01-27 20:07:20 模拟执行下载报告，等待下载
Info 2026-01-27 20:07:35 下载报告成功,并保存至指定目录：C:\Users\Administrator
Info 2026-01-27 20:07:40 获取新版标签，开始下载AI率报告
Info 2026-01-27 20:07:40 模拟执行下载按钮点击，让其弹出下载列表
Info 2026-01-27 20:07:46 模拟执行下载报告，等待下载
Info 2026-01-27 20:07:56 下载报告成功,并保存至指定目录：C:\Users\Administrator
 2026-01-27 20:07:57 {"msg":"","code":0,"data":{"src":"checkpapers-2026-01-27-YJd9HVIx6978aa9f2a42c.pdf","title":""}}
Info 2026-01-27 20:08:22 尝试获取旧版页面标签
Info 2026-01-27 20:08:22 尝试获取新版页面标签
Info 2026-01-27 20:08:22 获取新版标签，开始下载相似度报告
Info 2026-01-27 20:08:22 模拟执行下载按钮点击，让其弹出下载列表
Info 2026-01-27 20:08:27 模拟执行下载报告，等待下载
Info 2026-01-27 20:08:47 下载报告成功,并保存至指定目录：C:\Users\Administrator
Info 2026-01-27 20:08:52 获取新版标签，开始下载AI率报告
Info 2026-01-27 20:08:52 模拟执行下载按钮点击，让其弹出下载列表
Info 2026-01-27 20:08:57 模拟执行下载报告，等待下载
Info 2026-01-27 20:09:12 下载报告成功,并保存至指定目录：C:\Users\Administrator
 2026-01-27 20:09:13 {"msg":"","code":0,"data":{"src":"checkpapers-2026-01-27-NvilA40f6978aaeb318b2.pdf","title":""}}
Info 2026-01-27 20:09:36 尝试获取旧版页面标签
Info 2026-01-27 20:09:36 尝试获取新版页面标签
Info 2026-01-27 20:09:36 获取新版标签，开始下载相似度报告
Info 2026-01-27 20:09:36 模拟执行下载按钮点击，让其弹出下载列表
Info 2026-01-27 20:09:41 模拟执行下载报告，等待下载
Info 2026-01-27 20:09:56 下载报告成功,并保存至指定目录：C:\Users\Administrator
Info 2026-01-27 20:10:01 获取新版标签，开始下载AI率报告
Info 2026-01-27 20:10:01 模拟执行下载按钮点击，让其弹出下载列表
Info 2026-01-27 20:10:06 模拟执行下载报告，等待下载
Info 2026-01-27 20:10:31 下载报告成功,并保存至指定目录：C:\Users\Administrator
 2026-01-27 20:10:32 {"msg":"","code":0,"data":{"src":"checkpapers-2026-01-27-HUFTi6DS6978ab3a0a490.pdf","title":""}}
Info 2026-01-27 20:11:08 尝试获取旧版页面标签
Info 2026-01-27 20:11:08 尝试获取新版页面标签
Info 2026-01-27 20:11:08 获取新版标签，开始下载相似度报告
Info 2026-01-27 20:11:08 模拟执行下载按钮点击，让其弹出下载列表
Info 2026-01-27 20:11:14 模拟执行下载报告，等待下载
Info 2026-01-27 20:11:48 下载报告成功,并保存至指定目录：C:\Users\Administrator
Info 2026-01-27 20:11:53 获取新版标签，开始下载AI率报告
Info 2026-01-27 20:11:53 模拟执行下载按钮点击，让其弹出下载列表
Info 2026-01-27 20:11:59 模拟执行下载报告，等待下载
Info 2026-01-27 20:12:14 下载报告成功,并保存至指定目录：C:\Users\Administrator
 2026-01-27 20:12:17 {"msg":"","code":0,"data":{"src":"checkpapers-2026-01-27-GvKeb7Km6978aba31e0c0.pdf","title":""}}
Info 2026-01-27 20:14:08 正在登录https://www.turnitin.com/login_page.asp?lang=en_us，账号为zihengwang@um.edu.mo,密码为：Wzh19970101&&
Info 2026-01-27 20:14:14 登录https://www.turnitin.com/login_page.asp?lang=en_us成功
Info 2026-01-27 20:15:51 正在登录https://www.turnitin.com/login_page.asp?lang=en_us，账号为zihengwang@um.edu.mo,密码为：Wzh19970101&&
Info 2026-01-27 20:16:01 登录https://www.turnitin.com/login_page.asp?lang=en_us成功
Info 2026-01-27 20:17:41 正在登录https://www.turnitin.com/login_page.asp?lang=en_us，账号为zihengwang@um.edu.mo,密码为：Wzh19970101&&
Error 2026-01-27 20:17:47 打开https://www.turnitin.com/login_page.asp?lang=en_us失败，可能不是登录页面或者链接超时
 2026-01-27 20:17:47 Traceback (most recent call last):
  File "C:\Program Files\python\lib\site-packages\urllib3\connectionpool.py", line 714, in urlopen
    httplib_response = self._make_request(
  File "C:\Program Files\python\lib\site-packages\urllib3\connectionpool.py", line 466, in _make_request
    six.raise_from(e, None)
  File "<string>", line 3, in raise_from
  File "C:\Program Files\python\lib\site-packages\urllib3\connectionpool.py", line 461, in _make_request
    httplib_response = conn.getresponse()
  File "C:\Program Files\python\lib\http\client.py", line 1368, in getresponse
    response.begin()
  File "C:\Program Files\python\lib\http\client.py", line 317, in begin
    version, status, reason = self._read_status()
  File "C:\Program Files\python\lib\http\client.py", line 278, in _read_status
    line = str(self.fp.readline(_MAXLINE + 1), "iso-8859-1")
  File "C:\Program Files\python\lib\socket.py", line 705, in readinto
    return self._sock.recv_into(b)
ConnectionResetError: [WinError 10054] 远程主机强迫关闭了一个现有的连接。

During handling of the above exception, another exception occurred:

Traceback (most recent call last):
  File "Y:\E\workspace\WebCrawlerV2\tuturnitinUK.py", line 310, in login
    driver.find_element(By.NAME,"submit").click()
  File "C:\Program Files\python\lib\site-packages\selenium\webdriver\remote\webelement.py", line 119, in click
    self._execute(Command.CLICK_ELEMENT)
  File "C:\Program Files\python\lib\site-packages\selenium\webdriver\remote\webelement.py", line 572, in _execute
    return self._parent.execute(command, params)
  File "C:\Program Files\python\lib\site-packages\selenium\webdriver\remote\webdriver.py", line 446, in execute
    response = self.command_executor.execute(driver_command, params)
  File "C:\Program Files\python\lib\site-packages\selenium\webdriver\remote\remote_connection.py", line 404, in execute
    return self._request(command_info[0], url, body=data)
  File "C:\Program Files\python\lib\site-packages\selenium\webdriver\remote\remote_connection.py", line 428, in _request
    response = self._conn.request(method, url, body=body, headers=headers, timeout=self._client_config.timeout)
  File "C:\Program Files\python\lib\site-packages\urllib3\request.py", line 78, in request
    return self.request_encode_body(
  File "C:\Program Files\python\lib\site-packages\urllib3\request.py", line 170, in request_encode_body
    return self.urlopen(method, url, **extra_kw)
  File "C:\Program Files\python\lib\site-packages\urllib3\poolmanager.py", line 376, in urlopen
    response = conn.urlopen(method, u.request_uri, **kw)
  File "C:\Program Files\python\lib\site-packages\urllib3\connectionpool.py", line 798, in urlopen
    retries = retries.increment(
  File "C:\Program Files\python\lib\site-packages\urllib3\util\retry.py", line 550, in increment
    raise six.reraise(type(error), error, _stacktrace)
  File "C:\Program Files\python\lib\site-packages\urllib3\packages\six.py", line 769, in reraise
    raise value.with_traceback(tb)
  File "C:\Program Files\python\lib\site-packages\urllib3\connectionpool.py", line 714, in urlopen
    httplib_response = self._make_request(
  File "C:\Program Files\python\lib\site-packages\urllib3\connectionpool.py", line 466, in _make_request
    six.raise_from(e, None)
  File "<string>", line 3, in raise_from
  File "C:\Program Files\python\lib\site-packages\urllib3\connectionpool.py", line 461, in _make_request
    httplib_response = conn.getresponse()
  File "C:\Program Files\python\lib\http\client.py", line 1368, in getresponse
    response.begin()
  File "C:\Program Files\python\lib\http\client.py", line 317, in begin
    version, status, reason = self._read_status()
  File "C:\Program Files\python\lib\http\client.py", line 278, in _read_status
    line = str(self.fp.readline(_MAXLINE + 1), "iso-8859-1")
  File "C:\Program Files\python\lib\socket.py", line 705, in readinto
    return self._sock.recv_into(b)
urllib3.exceptions.ProtocolError: ('Connection aborted.', ConnectionResetError(10054, '远程主机强迫关闭了一个现有的连接。', None, 10054, None))

Info 2026-01-27 20:18:58 正在登录https://www.turnitin.com/login_page.asp?lang=en_us，账号为zihengwang@um.edu.mo,密码为：Wzh19970101&&
Info 2026-01-27 20:19:02 登录https://www.turnitin.com/login_page.asp?lang=en_us成功
Info 2026-01-27 20:20:37 正在登录https://www.turnitin.com/login_page.asp?lang=en_us，账号为zihengwang@um.edu.mo,密码为：Wzh19970101&&
Info 2026-01-27 20:20:42 登录https://www.turnitin.com/login_page.asp?lang=en_us成功
Info 2026-01-27 20:22:17 正在登录https://www.turnitin.com/login_page.asp?lang=en_us，账号为zihengwang@um.edu.mo,密码为：Wzh19970101&&
Info 2026-01-27 20:22:24 登录https://www.turnitin.com/login_page.asp?lang=en_us成功
Info 2026-01-27 20:24:01 正在登录https://www.turnitin.com/login_page.asp?lang=en_us，账号为zihengwang@um.edu.mo,密码为：Wzh19970101&&
Info 2026-01-27 20:24:07 登录https://www.turnitin.com/login_page.asp?lang=en_us成功
Info 2026-01-27 20:25:43 正在登录https://www.turnitin.com/login_page.asp?lang=en_us，账号为zihengwang@um.edu.mo,密码为：Wzh19970101&&
Info 2026-01-27 20:25:49 登录https://www.turnitin.com/login_page.asp?lang=en_us成功
Info 2026-01-27 20:27:26 正在登录https://www.turnitin.com/login_page.asp?lang=en_us，账号为zihengwang@um.edu.mo,密码为：Wzh19970101&&
Info 2026-01-27 20:27:32 登录https://www.turnitin.com/login_page.asp?lang=en_us成功
Info 2026-01-27 20:29:09 正在登录https://www.turnitin.com/login_page.asp?lang=en_us，账号为zihengwang@um.edu.mo,密码为：Wzh19970101&&
Info 2026-01-27 20:29:13 登录https://www.turnitin.com/login_page.asp?lang=en_us成功
Info 2026-01-27 20:30:49 正在登录https://www.turnitin.com/login_page.asp?lang=en_us，账号为zihengwang@um.edu.mo,密码为：Wzh19970101&&
Info 2026-01-27 20:30:57 登录https://www.turnitin.com/login_page.asp?lang=en_us成功
Info 2026-01-27 20:32:34 正在登录https://www.turnitin.com/login_page.asp?lang=en_us，账号为zihengwang@um.edu.mo,密码为：Wzh19970101&&
Info 2026-01-27 20:32:39 登录https://www.turnitin.com/login_page.asp?lang=en_us成功
Info 2026-01-27 20:34:13 正在登录https://www.turnitin.com/login_page.asp?lang=en_us，账号为zihengwang@um.edu.mo,密码为：Wzh19970101&&
Info 2026-01-27 20:34:19 登录https://www.turnitin.com/login_page.asp?lang=en_us成功
Info 2026-01-27 20:35:53 正在登录https://www.turnitin.com/login_page.asp?lang=en_us，账号为zihengwang@um.edu.mo,密码为：Wzh19970101&&
Info 2026-01-27 20:35:57 登录https://www.turnitin.com/login_page.asp?lang=en_us成功
Info 2026-01-27 20:37:30 正在登录https://www.turnitin.com/login_page.asp?lang=en_us，账号为zihengwang@um.edu.mo,密码为：Wzh19970101&&
Info 2026-01-27 20:37:36 登录https://www.turnitin.com/login_page.asp?lang=en_us成功
Info 2026-01-27 20:39:10 正在登录https://www.turnitin.com/login_page.asp?lang=en_us，账号为zihengwang@um.edu.mo,密码为：Wzh19970101&&
Info 2026-01-27 20:39:16 登录https://www.turnitin.com/login_page.asp?lang=en_us成功
Info 2026-01-27 20:40:53 正在登录https://www.turnitin.com/login_page.asp?lang=en_us，账号为zihengwang@um.edu.mo,密码为：Wzh19970101&&
Info 2026-01-27 20:40:58 登录https://www.turnitin.com/login_page.asp?lang=en_us成功
Info 2026-01-27 20:42:32 正在登录https://www.turnitin.com/login_page.asp?lang=en_us，账号为zihengwang@um.edu.mo,密码为：Wzh19970101&&
Info 2026-01-27 20:42:40 登录https://www.turnitin.com/login_page.asp?lang=en_us成功
Info 2026-01-27 20:44:19 正在登录https://www.turnitin.com/login_page.asp?lang=en_us，账号为zihengwang@um.edu.mo,密码为：Wzh19970101&&
Info 2026-01-27 20:44:29 登录https://www.turnitin.com/login_page.asp?lang=en_us成功
Info 2026-01-27 20:46:06 正在登录https://www.turnitin.com/login_page.asp?lang=en_us，账号为zihengwang@um.edu.mo,密码为：Wzh19970101&&
Info 2026-01-27 20:46:12 登录https://www.turnitin.com/login_page.asp?lang=en_us成功
Info 2026-01-27 20:47:50 正在登录https://www.turnitin.com/login_page.asp?lang=en_us，账号为zihengwang@um.edu.mo,密码为：Wzh19970101&&
Info 2026-01-27 20:47:57 登录https://www.turnitin.com/login_page.asp?lang=en_us成功
Info 2026-01-27 20:49:32 正在登录https://www.turnitin.com/login_page.asp?lang=en_us，账号为zihengwang@um.edu.mo,密码为：Wzh19970101&&
Info 2026-01-27 20:49:39 登录https://www.turnitin.com/login_page.asp?lang=en_us成功
Info 2026-01-27 20:51:13 正在登录https://www.turnitin.com/login_page.asp?lang=en_us，账号为zihengwang@um.edu.mo,密码为：Wzh19970101&&
Info 2026-01-27 20:51:23 登录https://www.turnitin.com/login_page.asp?lang=en_us成功
Info 2026-01-27 20:52:59 正在登录https://www.turnitin.com/login_page.asp?lang=en_us，账号为zihengwang@um.edu.mo,密码为：Wzh19970101&&
Info 2026-01-27 20:53:06 登录https://www.turnitin.com/login_page.asp?lang=en_us成功
Info 2026-01-27 20:54:42 正在登录https://www.turnitin.com/login_page.asp?lang=en_us，账号为zihengwang@um.edu.mo,密码为：Wzh19970101&&
Info 2026-01-27 20:54:47 登录https://www.turnitin.com/login_page.asp?lang=en_us成功
Info 2026-01-27 20:56:21 正在登录https://www.turnitin.com/login_page.asp?lang=en_us，账号为zihengwang@um.edu.mo,密码为：Wzh19970101&&
Info 2026-01-27 20:56:26 登录https://www.turnitin.com/login_page.asp?lang=en_us成功
Info 2026-01-27 20:58:02 正在登录https://www.turnitin.com/login_page.asp?lang=en_us，账号为zihengwang@um.edu.mo,密码为：Wzh19970101&&
Info 2026-01-27 20:58:10 登录https://www.turnitin.com/login_page.asp?lang=en_us成功
Info 2026-01-27 20:59:50 正在登录https://www.turnitin.com/login_page.asp?lang=en_us，账号为zihengwang@um.edu.mo,密码为：Wzh19970101&&
Info 2026-01-27 20:59:59 登录https://www.turnitin.com/login_page.asp?lang=en_us成功
Info 2026-01-27 21:01:37 正在登录https://www.turnitin.com/login_page.asp?lang=en_us，账号为zihengwang@um.edu.mo,密码为：Wzh19970101&&
Info 2026-01-27 21:01:44 登录https://www.turnitin.com/login_page.asp?lang=en_us成功
Info 2026-01-27 21:03:18 正在登录https://www.turnitin.com/login_page.asp?lang=en_us，账号为zihengwang@um.edu.mo,密码为：Wzh19970101&&
Info 2026-01-27 21:03:23 登录https://www.turnitin.com/login_page.asp?lang=en_us成功
Info 2026-01-27 21:04:56 正在登录https://www.turnitin.com/login_page.asp?lang=en_us，账号为zihengwang@um.edu.mo,密码为：Wzh19970101&&
Info 2026-01-27 21:05:03 登录https://www.turnitin.com/login_page.asp?lang=en_us成功
Info 2026-01-27 21:06:42 正在登录https://www.turnitin.com/login_page.asp?lang=en_us，账号为zihengwang@um.edu.mo,密码为：Wzh19970101&&
Info 2026-01-27 21:06:50 登录https://www.turnitin.com/login_page.asp?lang=en_us成功
Info 2026-01-27 21:08:26 正在登录https://www.turnitin.com/login_page.asp?lang=en_us，账号为zihengwang@um.edu.mo,密码为：Wzh19970101&&
Info 2026-01-27 21:08:31 登录https://www.turnitin.com/login_page.asp?lang=en_us成功
Info 2026-01-27 21:10:06 正在登录https://www.turnitin.com/login_page.asp?lang=en_us，账号为zihengwang@um.edu.mo,密码为：Wzh19970101&&
Info 2026-01-27 21:10:13 登录https://www.turnitin.com/login_page.asp?lang=en_us成功
Info 2026-01-27 21:11:49 正在登录https://www.turnitin.com/login_page.asp?lang=en_us，账号为zihengwang@um.edu.mo,密码为：Wzh19970101&&
Info 2026-01-27 21:11:56 登录https://www.turnitin.com/login_page.asp?lang=en_us成功
Info 2026-01-27 21:13:35 正在登录https://www.turnitin.com/login_page.asp?lang=en_us，账号为zihengwang@um.edu.mo,密码为：Wzh19970101&&
Info 2026-01-27 21:13:40 登录https://www.turnitin.com/login_page.asp?lang=en_us成功
Info 2026-01-27 21:15:19 正在登录https://www.turnitin.com/login_page.asp?lang=en_us，账号为zihengwang@um.edu.mo,密码为：Wzh19970101&&
Info 2026-01-27 21:15:28 登录https://www.turnitin.com/login_page.asp?lang=en_us成功
Info 2026-01-27 21:17:05 正在登录https://www.turnitin.com/login_page.asp?lang=en_us，账号为zihengwang@um.edu.mo,密码为：Wzh19970101&&
Info 2026-01-27 21:17:12 登录https://www.turnitin.com/login_page.asp?lang=en_us成功
Info 2026-01-27 21:18:53 正在登录https://www.turnitin.com/login_page.asp?lang=en_us，账号为zihengwang@um.edu.mo,密码为：Wzh19970101&&
Info 2026-01-27 21:18:59 登录https://www.turnitin.com/login_page.asp?lang=en_us成功
Info 2026-01-27 21:20:36 正在登录https://www.turnitin.com/login_page.asp?lang=en_us，账号为zihengwang@um.edu.mo,密码为：Wzh19970101&&
Info 2026-01-27 21:20:42 登录https://www.turnitin.com/login_page.asp?lang=en_us成功
Info 2026-01-27 21:22:28 正在登录https://www.turnitin.com/login_page.asp?lang=en_us，账号为zihengwang@um.edu.mo,密码为：Wzh19970101&&
Info 2026-01-27 21:22:39 登录https://www.turnitin.com/login_page.asp?lang=en_us成功
Info 2026-01-27 21:24:19 正在登录https://www.turnitin.com/login_page.asp?lang=en_us，账号为zihengwang@um.edu.mo,密码为：Wzh19970101&&
Info 2026-01-27 21:24:31 登录https://www.turnitin.com/login_page.asp?lang=en_us成功
Info 2026-01-27 21:26:13 正在登录https://www.turnitin.com/login_page.asp?lang=en_us，账号为zihengwang@um.edu.mo,密码为：Wzh19970101&&
Info 2026-01-27 21:26:20 登录https://www.turnitin.com/login_page.asp?lang=en_us成功
Info 2026-01-27 21:28:05 正在登录https://www.turnitin.com/login_page.asp?lang=en_us，账号为zihengwang@um.edu.mo,密码为：Wzh19970101&&
Info 2026-01-27 21:28:11 登录https://www.turnitin.com/login_page.asp?lang=en_us成功
Info 2026-01-27 21:29:59 正在登录https://www.turnitin.com/login_page.asp?lang=en_us，账号为zihengwang@um.edu.mo,密码为：Wzh19970101&&
Info 2026-01-27 21:30:09 登录https://www.turnitin.com/login_page.asp?lang=en_us成功
Info 2026-01-27 21:31:47 正在登录https://www.turnitin.com/login_page.asp?lang=en_us，账号为zihengwang@um.edu.mo,密码为：Wzh19970101&&
Info 2026-01-27 21:31:57 登录https://www.turnitin.com/login_page.asp?lang=en_us成功
Info 2026-01-27 21:33:43 正在登录https://www.turnitin.com/login_page.asp?lang=en_us，账号为zihengwang@um.edu.mo,密码为：Wzh19970101&&
Info 2026-01-27 21:33:49 登录https://www.turnitin.com/login_page.asp?lang=en_us成功
Info 2026-01-27 21:35:40 正在登录https://www.turnitin.com/login_page.asp?lang=en_us，账号为zihengwang@um.edu.mo,密码为：Wzh19970101&&
Info 2026-01-27 21:35:47 登录https://www.turnitin.com/login_page.asp?lang=en_us成功
Info 2026-01-27 21:37:53 正在登录https://www.turnitin.com/login_page.asp?lang=en_us，账号为zihengwang@um.edu.mo,密码为：Wzh19970101&&
Info 2026-01-27 21:38:01 登录https://www.turnitin.com/login_page.asp?lang=en_us成功
Info 2026-01-27 21:39:38 正在登录https://www.turnitin.com/login_page.asp?lang=en_us，账号为zihengwang@um.edu.mo,密码为：Wzh19970101&&
Info 2026-01-27 21:39:43 登录https://www.turnitin.com/login_page.asp?lang=en_us成功
Info 2026-01-27 21:41:28 正在登录https://www.turnitin.com/login_page.asp?lang=en_us，账号为zihengwang@um.edu.mo,密码为：Wzh19970101&&
Info 2026-01-27 21:41:34 登录https://www.turnitin.com/login_page.asp?lang=en_us成功
Info 2026-01-27 21:43:13 正在登录https://www.turnitin.com/login_page.asp?lang=en_us，账号为zihengwang@um.edu.mo,密码为：Wzh19970101&&
Info 2026-01-27 21:43:18 登录https://www.turnitin.com/login_page.asp?lang=en_us成功
Info 2026-01-27 21:44:54 正在登录https://www.turnitin.com/login_page.asp?lang=en_us，账号为zihengwang@um.edu.mo,密码为：Wzh19970101&&
Info 2026-01-27 21:45:09 登录https://www.turnitin.com/login_page.asp?lang=en_us成功
Info 2026-01-27 21:46:52 正在登录https://www.turnitin.com/login_page.asp?lang=en_us，账号为zihengwang@um.edu.mo,密码为：Wzh19970101&&
Info 2026-01-27 21:47:01 登录https://www.turnitin.com/login_page.asp?lang=en_us成功
Info 2026-01-27 21:49:01 正在登录https://www.turnitin.com/login_page.asp?lang=en_us，账号为zihengwang@um.edu.mo,密码为：Wzh19970101&&
Info 2026-01-27 21:49:09 登录https://www.turnitin.com/login_page.asp?lang=en_us成功
Info 2026-01-27 21:50:47 正在登录https://www.turnitin.com/login_page.asp?lang=en_us，账号为zihengwang@um.edu.mo,密码为：Wzh19970101&&
Info 2026-01-27 21:50:53 登录https://www.turnitin.com/login_page.asp?lang=en_us成功
Info 2026-01-27 21:52:35 正在登录https://www.turnitin.com/login_page.asp?lang=en_us，账号为zihengwang@um.edu.mo,密码为：Wzh19970101&&
Info 2026-01-27 21:52:45 登录https://www.turnitin.com/login_page.asp?lang=en_us成功
Info 2026-01-27 21:54:27 正在登录https://www.turnitin.com/login_page.asp?lang=en_us，账号为zihengwang@um.edu.mo,密码为：Wzh19970101&&
Info 2026-01-27 21:54:33 登录https://www.turnitin.com/login_page.asp?lang=en_us成功
Info 2026-01-27 21:56:13 正在登录https://www.turnitin.com/login_page.asp?lang=en_us，账号为zihengwang@um.edu.mo,密码为：Wzh19970101&&
Info 2026-01-27 21:56:19 登录https://www.turnitin.com/login_page.asp?lang=en_us成功
Info 2026-01-27 21:57:59 正在登录https://www.turnitin.com/login_page.asp?lang=en_us，账号为zihengwang@um.edu.mo,密码为：Wzh19970101&&
Info 2026-01-27 21:58:10 登录https://www.turnitin.com/login_page.asp?lang=en_us成功
Info 2026-01-27 21:59:53 正在登录https://www.turnitin.com/login_page.asp?lang=en_us，账号为zihengwang@um.edu.mo,密码为：Wzh19970101&&
Info 2026-01-27 21:59:59 登录https://www.turnitin.com/login_page.asp?lang=en_us成功
Info 2026-01-27 22:03:05 正在登录https://www.turnitin.com/login_page.asp?lang=en_us，账号为zihengwang@um.edu.mo,密码为：Wzh19970101&&
Info 2026-01-27 22:03:15 登录https://www.turnitin.com/login_page.asp?lang=en_us成功
Info 2026-01-27 22:04:55 正在登录https://www.turnitin.com/login_page.asp?lang=en_us，账号为zihengwang@um.edu.mo,密码为：Wzh19970101&&
Info 2026-01-27 22:05:05 登录https://www.turnitin.com/login_page.asp?lang=en_us成功
Info 2026-01-27 22:06:48 正在登录https://www.turnitin.com/login_page.asp?lang=en_us，账号为zihengwang@um.edu.mo,密码为：Wzh19970101&&
Info 2026-01-27 22:06:57 登录https://www.turnitin.com/login_page.asp?lang=en_us成功
Info 2026-01-27 22:08:38 正在登录https://www.turnitin.com/login_page.asp?lang=en_us，账号为zihengwang@um.edu.mo,密码为：Wzh19970101&&
Info 2026-01-27 22:08:46 登录https://www.turnitin.com/login_page.asp?lang=en_us成功
Info 2026-01-27 22:10:38 正在登录https://www.turnitin.com/login_page.asp?lang=en_us，账号为zihengwang@um.edu.mo,密码为：Wzh19970101&&
Info 2026-01-27 22:10:47 登录https://www.turnitin.com/login_page.asp?lang=en_us成功
Info 2026-01-27 22:12:39 正在登录https://www.turnitin.com/login_page.asp?lang=en_us，账号为zihengwang@um.edu.mo,密码为：Wzh19970101&&
Info 2026-01-27 22:12:48 登录https://www.turnitin.com/login_page.asp?lang=en_us成功
Info 2026-01-27 22:14:36 正在登录https://www.turnitin.com/login_page.asp?lang=en_us，账号为zihengwang@um.edu.mo,密码为：Wzh19970101&&
Info 2026-01-27 22:14:47 登录https://www.turnitin.com/login_page.asp?lang=en_us成功
Info 2026-01-27 22:16:39 正在登录https://www.turnitin.com/login_page.asp?lang=en_us，账号为zihengwang@um.edu.mo,密码为：Wzh19970101&&
Info 2026-01-27 22:16:48 登录https://www.turnitin.com/login_page.asp?lang=en_us成功
Info 2026-01-27 22:18:35 正在登录https://www.turnitin.com/login_page.asp?lang=en_us，账号为zihengwang@um.edu.mo,密码为：Wzh19970101&&
Info 2026-01-27 22:18:45 登录https://www.turnitin.com/login_page.asp?lang=en_us成功
Info 2026-01-27 22:19:09 尝试获取旧版页面标签
Info 2026-01-27 22:19:19 获取旧版页面标签，并点击切换新版标签
Info 2026-01-27 22:19:33 获取新版标签，开始下载相似度报告
Info 2026-01-27 22:19:38 获取新版标签，开始下载AI率报告
Info 2026-01-27 22:19:39 模拟执行下载按钮点击，让其弹出下载列表
Info 2026-01-27 22:19:44 模拟执行下载报告，等待下载
Info 2026-01-27 22:19:59 下载报告成功,并保存至指定目录：C:\Users\Administrator
Info 2026-01-27 22:20:15 模拟执行下载按钮点击，让其弹出下载列表
Info 2026-01-27 22:20:20 文件存在，先删除文件
Info 2026-01-27 22:20:20 模拟执行下载报告，等待下载
Info 2026-01-27 22:20:35 下载报告成功,并保存至指定目录：C:\Users\Administrator
 2026-01-27 22:20:40 {"msg":"","code":0,"data":{"src":"checkpapers-2026-01-27-HIbgwiNj6978c9ba3d160.pdf","title":""}}
Info 2026-01-27 22:22:39 正在登录https://www.turnitin.com/login_page.asp?lang=en_us，账号为zihengwang@um.edu.mo,密码为：Wzh19970101&&
Info 2026-01-27 22:23:05 登录https://www.turnitin.com/login_page.asp?lang=en_us成功
Info 2026-01-27 22:25:03 正在登录https://www.turnitin.com/login_page.asp?lang=en_us，账号为zihengwang@um.edu.mo,密码为：Wzh19970101&&
Info 2026-01-27 22:25:18 登录https://www.turnitin.com/login_page.asp?lang=en_us成功
Info 2026-01-27 22:27:04 正在登录https://www.turnitin.com/login_page.asp?lang=en_us，账号为zihengwang@um.edu.mo,密码为：Wzh19970101&&
Info 2026-01-27 22:27:06 登录https://www.turnitin.com/login_page.asp?lang=en_us成功
Info 2026-01-27 22:28:39 正在登录https://www.turnitin.com/login_page.asp?lang=en_us，账号为zihengwang@um.edu.mo,密码为：Wzh19970101&&
Info 2026-01-27 22:28:44 登录https://www.turnitin.com/login_page.asp?lang=en_us成功
Info 2026-01-27 22:30:16 正在登录https://www.turnitin.com/login_page.asp?lang=en_us，账号为zihengwang@um.edu.mo,密码为：Wzh19970101&&
Info 2026-01-27 22:30:20 登录https://www.turnitin.com/login_page.asp?lang=en_us成功
Info 2026-01-27 22:31:51 正在登录https://www.turnitin.com/login_page.asp?lang=en_us，账号为zihengwang@um.edu.mo,密码为：Wzh19970101&&
Info 2026-01-27 22:31:58 登录https://www.turnitin.com/login_page.asp?lang=en_us成功
Info 2026-01-27 22:33:44 正在登录https://www.turnitin.com/login_page.asp?lang=en_us，账号为zihengwang@um.edu.mo,密码为：Wzh19970101&&
Info 2026-01-27 22:33:46 登录https://www.turnitin.com/login_page.asp?lang=en_us成功
Info 2026-01-27 22:35:16 正在登录https://www.turnitin.com/login_page.asp?lang=en_us，账号为zihengwang@um.edu.mo,密码为：Wzh19970101&&
Info 2026-01-27 22:35:20 登录https://www.turnitin.com/login_page.asp?lang=en_us成功
Info 2026-01-27 22:36:50 正在登录https://www.turnitin.com/login_page.asp?lang=en_us，账号为zihengwang@um.edu.mo,密码为：Wzh19970101&&
Info 2026-01-27 22:36:55 登录https://www.turnitin.com/login_page.asp?lang=en_us成功
Info 2026-01-27 22:39:49 正在登录https://www.turnitin.com/login_page.asp?lang=en_us，账号为zihengwang@um.edu.mo,密码为：Wzh19970101&&
Info 2026-01-27 22:41:17 登录https://www.turnitin.com/login_page.asp?lang=en_us成功
Info 2026-01-27 22:42:50 正在登录https://www.turnitin.com/login_page.asp?lang=en_us，账号为zihengwang@um.edu.mo,密码为：Wzh19970101&&
Info 2026-01-27 22:42:54 登录https://www.turnitin.com/login_page.asp?lang=en_us成功
Info 2026-01-27 22:44:24 正在登录https://www.turnitin.com/login_page.asp?lang=en_us，账号为zihengwang@um.edu.mo,密码为：Wzh19970101&&
Info 2026-01-27 22:44:28 登录https://www.turnitin.com/login_page.asp?lang=en_us成功
Info 2026-01-27 22:45:58 正在登录https://www.turnitin.com/login_page.asp?lang=en_us，账号为zihengwang@um.edu.mo,密码为：Wzh19970101&&
Info 2026-01-27 22:46:02 登录https://www.turnitin.com/login_page.asp?lang=en_us成功
Info 2026-01-27 22:47:34 正在登录https://www.turnitin.com/login_page.asp?lang=en_us，账号为zihengwang@um.edu.mo,密码为：Wzh19970101&&
Info 2026-01-27 22:47:39 登录https://www.turnitin.com/login_page.asp?lang=en_us成功
Info 2026-01-27 22:49:09 正在登录https://www.turnitin.com/login_page.asp?lang=en_us，账号为zihengwang@um.edu.mo,密码为：Wzh19970101&&
Info 2026-01-27 22:49:13 登录https://www.turnitin.com/login_page.asp?lang=en_us成功
Info 2026-01-27 22:50:44 正在登录https://www.turnitin.com/login_page.asp?lang=en_us，账号为zihengwang@um.edu.mo,密码为：Wzh19970101&&
Info 2026-01-27 22:50:59 登录https://www.turnitin.com/login_page.asp?lang=en_us成功
Info 2026-01-27 22:53:56 正在登录https://www.turnitin.com/login_page.asp?lang=en_us，账号为zihengwang@um.edu.mo,密码为：Wzh19970101&&
Info 2026-01-27 22:55:24 登录https://www.turnitin.com/login_page.asp?lang=en_us成功
Info 2026-01-27 22:56:56 正在登录https://www.turnitin.com/login_page.asp?lang=en_us，账号为zihengwang@um.edu.mo,密码为：Wzh19970101&&
Info 2026-01-27 22:57:10 登录https://www.turnitin.com/login_page.asp?lang=en_us成功
Info 2026-01-27 22:58:42 正在登录https://www.turnitin.com/login_page.asp?lang=en_us，账号为zihengwang@um.edu.mo,密码为：Wzh19970101&&
Info 2026-01-27 22:58:48 登录https://www.turnitin.com/login_page.asp?lang=en_us成功
Info 2026-01-27 23:00:19 正在登录https://www.turnitin.com/login_page.asp?lang=en_us，账号为zihengwang@um.edu.mo,密码为：Wzh19970101&&
Info 2026-01-27 23:00:24 登录https://www.turnitin.com/login_page.asp?lang=en_us成功
Info 2026-01-27 23:01:56 正在登录https://www.turnitin.com/login_page.asp?lang=en_us，账号为zihengwang@um.edu.mo,密码为：Wzh19970101&&
Info 2026-01-27 23:02:02 登录https://www.turnitin.com/login_page.asp?lang=en_us成功
Info 2026-01-27 23:03:33 正在登录https://www.turnitin.com/login_page.asp?lang=en_us，账号为zihengwang@um.edu.mo,密码为：Wzh19970101&&
Info 2026-01-27 23:03:39 登录https://www.turnitin.com/login_page.asp?lang=en_us成功
Info 2026-01-27 23:05:11 正在登录https://www.turnitin.com/login_page.asp?lang=en_us，账号为zihengwang@um.edu.mo,密码为：Wzh19970101&&
Info 2026-01-27 23:05:19 登录https://www.turnitin.com/login_page.asp?lang=en_us成功
Info 2026-01-27 23:06:51 正在登录https://www.turnitin.com/login_page.asp?lang=en_us，账号为zihengwang@um.edu.mo,密码为：Wzh19970101&&
Info 2026-01-27 23:06:55 登录https://www.turnitin.com/login_page.asp?lang=en_us成功
Info 2026-01-27 23:08:27 正在登录https://www.turnitin.com/login_page.asp?lang=en_us，账号为zihengwang@um.edu.mo,密码为：Wzh19970101&&
Info 2026-01-27 23:08:31 登录https://www.turnitin.com/login_page.asp?lang=en_us成功
Info 2026-01-27 23:10:04 正在登录https://www.turnitin.com/login_page.asp?lang=en_us，账号为zihengwang@um.edu.mo,密码为：Wzh19970101&&
Info 2026-01-27 23:10:08 登录https://www.turnitin.com/login_page.asp?lang=en_us成功
Info 2026-01-27 23:11:41 正在登录https://www.turnitin.com/login_page.asp?lang=en_us，账号为zihengwang@um.edu.mo,密码为：Wzh19970101&&
Info 2026-01-27 23:11:45 登录https://www.turnitin.com/login_page.asp?lang=en_us成功
Info 2026-01-27 23:14:43 正在登录https://www.turnitin.com/login_page.asp?lang=en_us，账号为zihengwang@um.edu.mo,密码为：Wzh19970101&&
Info 2026-01-27 23:16:11 登录https://www.turnitin.com/login_page.asp?lang=en_us成功
Info 2026-01-27 23:17:42 正在登录https://www.turnitin.com/login_page.asp?lang=en_us，账号为zihengwang@um.edu.mo,密码为：Wzh19970101&&
Info 2026-01-27 23:17:45 登录https://www.turnitin.com/login_page.asp?lang=en_us成功
Info 2026-01-27 23:19:17 正在登录https://www.turnitin.com/login_page.asp?lang=en_us，账号为zihengwang@um.edu.mo,密码为：Wzh19970101&&
Info 2026-01-27 23:19:27 登录https://www.turnitin.com/login_page.asp?lang=en_us成功
Info 2026-01-27 23:20:58 正在登录https://www.turnitin.com/login_page.asp?lang=en_us，账号为zihengwang@um.edu.mo,密码为：Wzh19970101&&
Info 2026-01-27 23:21:03 登录https://www.turnitin.com/login_page.asp?lang=en_us成功
Info 2026-01-27 23:22:36 正在登录https://www.turnitin.com/login_page.asp?lang=en_us，账号为zihengwang@um.edu.mo,密码为：Wzh19970101&&
Info 2026-01-27 23:22:41 登录https://www.turnitin.com/login_page.asp?lang=en_us成功
Info 2026-01-27 23:24:12 正在登录https://www.turnitin.com/login_page.asp?lang=en_us，账号为zihengwang@um.edu.mo,密码为：Wzh19970101&&
Info 2026-01-27 23:24:25 登录https://www.turnitin.com/login_page.asp?lang=en_us成功
Info 2026-01-27 23:25:57 正在登录https://www.turnitin.com/login_page.asp?lang=en_us，账号为zihengwang@um.edu.mo,密码为：Wzh19970101&&
Info 2026-01-27 23:26:02 登录https://www.turnitin.com/login_page.asp?lang=en_us成功
Info 2026-01-27 23:27:33 正在登录https://www.turnitin.com/login_page.asp?lang=en_us，账号为zihengwang@um.edu.mo,密码为：Wzh19970101&&
Info 2026-01-27 23:27:38 登录https://www.turnitin.com/login_page.asp?lang=en_us成功
Info 2026-01-27 23:29:11 正在登录https://www.turnitin.com/login_page.asp?lang=en_us，账号为zihengwang@um.edu.mo,密码为：Wzh19970101&&
Info 2026-01-27 23:29:16 登录https://www.turnitin.com/login_page.asp?lang=en_us成功
Info 2026-01-27 23:30:47 正在登录https://www.turnitin.com/login_page.asp?lang=en_us，账号为zihengwang@um.edu.mo,密码为：Wzh19970101&&
Info 2026-01-27 23:30:52 登录https://www.turnitin.com/login_page.asp?lang=en_us成功
Info 2026-01-27 23:32:21 正在登录https://www.turnitin.com/login_page.asp?lang=en_us，账号为zihengwang@um.edu.mo,密码为：Wzh19970101&&
Info 2026-01-27 23:32:26 登录https://www.turnitin.com/login_page.asp?lang=en_us成功
Info 2026-01-27 23:33:57 正在登录https://www.turnitin.com/login_page.asp?lang=en_us，账号为zihengwang@um.edu.mo,密码为：Wzh19970101&&
Info 2026-01-27 23:34:02 登录https://www.turnitin.com/login_page.asp?lang=en_us成功
Info 2026-01-27 23:35:45 正在登录https://www.turnitin.com/login_page.asp?lang=en_us，账号为zihengwang@um.edu.mo,密码为：Wzh19970101&&
Info 2026-01-27 23:35:51 登录https://www.turnitin.com/login_page.asp?lang=en_us成功
Info 2026-01-27 23:39:15 正在登录https://www.turnitin.com/login_page.asp?lang=en_us，账号为zihengwang@um.edu.mo,密码为：Wzh19970101&&
Info 2026-01-27 23:39:23 登录https://www.turnitin.com/login_page.asp?lang=en_us成功
Info 2026-01-27 23:41:06 正在登录https://www.turnitin.com/login_page.asp?lang=en_us，账号为zihengwang@um.edu.mo,密码为：Wzh19970101&&
Info 2026-01-27 23:41:11 登录https://www.turnitin.com/login_page.asp?lang=en_us成功
Info 2026-01-27 23:42:44 正在登录https://www.turnitin.com/login_page.asp?lang=en_us，账号为zihengwang@um.edu.mo,密码为：Wzh19970101&&
Info 2026-01-27 23:42:51 登录https://www.turnitin.com/login_page.asp?lang=en_us成功
Info 2026-01-27 23:44:23 正在登录https://www.turnitin.com/login_page.asp?lang=en_us，账号为zihengwang@um.edu.mo,密码为：Wzh19970101&&
Info 2026-01-27 23:44:42 登录https://www.turnitin.com/login_page.asp?lang=en_us成功
Info 2026-01-27 23:46:14 正在登录https://www.turnitin.com/login_page.asp?lang=en_us，账号为zihengwang@um.edu.mo,密码为：Wzh19970101&&
Info 2026-01-27 23:46:20 登录https://www.turnitin.com/login_page.asp?lang=en_us成功
Info 2026-01-27 23:47:52 正在登录https://www.turnitin.com/login_page.asp?lang=en_us，账号为zihengwang@um.edu.mo,密码为：Wzh19970101&&
Info 2026-01-27 23:48:04 登录https://www.turnitin.com/login_page.asp?lang=en_us成功
Info 2026-01-27 23:49:38 正在登录https://www.turnitin.com/login_page.asp?lang=en_us，账号为zihengwang@um.edu.mo,密码为：Wzh19970101&&
Info 2026-01-27 23:49:43 登录https://www.turnitin.com/login_page.asp?lang=en_us成功
Info 2026-01-27 23:51:14 正在登录https://www.turnitin.com/login_page.asp?lang=en_us，账号为zihengwang@um.edu.mo,密码为：Wzh19970101&&
Info 2026-01-27 23:51:24 登录https://www.turnitin.com/login_page.asp?lang=en_us成功
Info 2026-01-27 23:52:59 正在登录https://www.turnitin.com/login_page.asp?lang=en_us，账号为zihengwang@um.edu.mo,密码为：Wzh19970101&&
Info 2026-01-27 23:53:08 登录https://www.turnitin.com/login_page.asp?lang=en_us成功
Info 2026-01-27 23:54:43 正在登录https://www.turnitin.com/login_page.asp?lang=en_us，账号为zihengwang@um.edu.mo,密码为：Wzh19970101&&
Info 2026-01-27 23:54:49 登录https://www.turnitin.com/login_page.asp?lang=en_us成功
Info 2026-01-27 23:56:21 正在登录https://www.turnitin.com/login_page.asp?lang=en_us，账号为zihengwang@um.edu.mo,密码为：Wzh19970101&&
Info 2026-01-27 23:56:28 登录https://www.turnitin.com/login_page.asp?lang=en_us成功
Info 2026-01-27 23:58:17 正在登录https://www.turnitin.com/login_page.asp?lang=en_us，账号为zihengwang@um.edu.mo,密码为：Wzh19970101&&
Info 2026-01-27 23:58:25 登录https://www.turnitin.com/login_page.asp?lang=en_us成功
Info 2026-01-27 23:59:58 正在登录https://www.turnitin.com/login_page.asp?lang=en_us，账号为zihengwang@um.edu.mo,密码为：Wzh19970101&&
Info 2026-01-28 00:00:03 登录https://www.turnitin.com/login_page.asp?lang=en_us成功
Info 2026-01-28 00:01:37 正在登录https://www.turnitin.com/login_page.asp?lang=en_us，账号为zihengwang@um.edu.mo,密码为：Wzh19970101&&
Info 2026-01-28 00:01:42 登录https://www.turnitin.com/login_page.asp?lang=en_us成功
Info 2026-01-28 00:03:04 正在登录https://www.turnitin.com/login_page.asp?lang=en_us，账号为zihengwang@um.edu.mo,密码为：Wzh19970101&&
Info 2026-01-28 00:03:09 登录https://www.turnitin.com/login_page.asp?lang=en_us成功
Info 2026-01-28 00:04:29 正在登录https://www.turnitin.com/login_page.asp?lang=en_us，账号为zihengwang@um.edu.mo,密码为：Wzh19970101&&
Info 2026-01-28 00:04:34 登录https://www.turnitin.com/login_page.asp?lang=en_us成功
Info 2026-01-28 00:05:55 正在登录https://www.turnitin.com/login_page.asp?lang=en_us，账号为zihengwang@um.edu.mo,密码为：Wzh19970101&&
Info 2026-01-28 00:05:58 登录https://www.turnitin.com/login_page.asp?lang=en_us成功
Info 2026-01-28 00:07:21 正在登录https://www.turnitin.com/login_page.asp?lang=en_us，账号为zihengwang@um.edu.mo,密码为：Wzh19970101&&
Info 2026-01-28 00:07:24 登录https://www.turnitin.com/login_page.asp?lang=en_us成功
Info 2026-01-28 00:08:44 正在登录https://www.turnitin.com/login_page.asp?lang=en_us，账号为zihengwang@um.edu.mo,密码为：Wzh19970101&&
Info 2026-01-28 00:08:49 登录https://www.turnitin.com/login_page.asp?lang=en_us成功
Info 2026-01-28 00:10:09 正在登录https://www.turnitin.com/login_page.asp?lang=en_us，账号为zihengwang@um.edu.mo,密码为：Wzh19970101&&
Info 2026-01-28 00:10:16 登录https://www.turnitin.com/login_page.asp?lang=en_us成功
Info 2026-01-28 00:11:37 正在登录https://www.turnitin.com/login_page.asp?lang=en_us，账号为zihengwang@um.edu.mo,密码为：Wzh19970101&&
Info 2026-01-28 00:11:42 登录https://www.turnitin.com/login_page.asp?lang=en_us成功
Info 2026-01-28 00:13:03 正在登录https://www.turnitin.com/login_page.asp?lang=en_us，账号为zihengwang@um.edu.mo,密码为：Wzh19970101&&
Info 2026-01-28 00:13:09 登录https://www.turnitin.com/login_page.asp?lang=en_us成功
Info 2026-01-28 00:14:29 正在登录https://www.turnitin.com/login_page.asp?lang=en_us，账号为zihengwang@um.edu.mo,密码为：Wzh19970101&&
Info 2026-01-28 00:14:32 登录https://www.turnitin.com/login_page.asp?lang=en_us成功
Info 2026-01-28 00:15:52 正在登录https://www.turnitin.com/login_page.asp?lang=en_us，账号为zihengwang@um.edu.mo,密码为：Wzh19970101&&
Info 2026-01-28 00:16:05 登录https://www.turnitin.com/login_page.asp?lang=en_us成功
Info 2026-01-28 00:18:47 正在登录https://www.turnitin.com/login_page.asp?lang=en_us，账号为zihengwang@um.edu.mo,密码为：Wzh19970101&&
Info 2026-01-28 00:20:18 登录https://www.turnitin.com/login_page.asp?lang=en_us成功
Info 2026-01-28 00:23:01 正在登录https://www.turnitin.com/login_page.asp?lang=en_us，账号为zihengwang@um.edu.mo,密码为：Wzh19970101&&
Info 2026-01-28 00:24:33 登录https://www.turnitin.com/login_page.asp?lang=en_us成功
Info 2026-01-28 00:25:54 正在登录https://www.turnitin.com/login_page.asp?lang=en_us，账号为zihengwang@um.edu.mo,密码为：Wzh19970101&&
Info 2026-01-28 00:25:59 登录https://www.turnitin.com/login_page.asp?lang=en_us成功
Info 2026-01-28 00:27:19 正在登录https://www.turnitin.com/login_page.asp?lang=en_us，账号为zihengwang@um.edu.mo,密码为：Wzh19970101&&
Info 2026-01-28 00:27:26 登录https://www.turnitin.com/login_page.asp?lang=en_us成功
Info 2026-01-28 00:28:48 正在登录https://www.turnitin.com/login_page.asp?lang=en_us，账号为zihengwang@um.edu.mo,密码为：Wzh19970101&&
Info 2026-01-28 00:28:55 登录https://www.turnitin.com/login_page.asp?lang=en_us成功
Info 2026-01-28 00:30:15 正在登录https://www.turnitin.com/login_page.asp?lang=en_us，账号为zihengwang@um.edu.mo,密码为：Wzh19970101&&
Info 2026-01-28 00:30:26 登录https://www.turnitin.com/login_page.asp?lang=en_us成功
Info 2026-01-28 00:31:46 正在登录https://www.turnitin.com/login_page.asp?lang=en_us，账号为zihengwang@um.edu.mo,密码为：Wzh19970101&&
Info 2026-01-28 00:31:50 登录https://www.turnitin.com/login_page.asp?lang=en_us成功
Info 2026-01-28 00:33:10 正在登录https://www.turnitin.com/login_page.asp?lang=en_us，账号为zihengwang@um.edu.mo,密码为：Wzh19970101&&
Info 2026-01-28 00:33:26 登录https://www.turnitin.com/login_page.asp?lang=en_us成功
Info 2026-01-28 00:34:46 正在登录https://www.turnitin.com/login_page.asp?lang=en_us，账号为zihengwang@um.edu.mo,密码为：Wzh19970101&&
Info 2026-01-28 00:34:50 登录https://www.turnitin.com/login_page.asp?lang=en_us成功
Info 2026-01-28 00:36:14 正在登录https://www.turnitin.com/login_page.asp?lang=en_us，账号为zihengwang@um.edu.mo,密码为：Wzh19970101&&
Info 2026-01-28 00:36:19 登录https://www.turnitin.com/login_page.asp?lang=en_us成功
Info 2026-01-28 00:37:38 正在登录https://www.turnitin.com/login_page.asp?lang=en_us，账号为zihengwang@um.edu.mo,密码为：Wzh19970101&&
Info 2026-01-28 00:37:43 登录https://www.turnitin.com/login_page.asp?lang=en_us成功
Info 2026-01-28 00:39:03 正在登录https://www.turnitin.com/login_page.asp?lang=en_us，账号为zihengwang@um.edu.mo,密码为：Wzh19970101&&
Info 2026-01-28 00:39:08 登录https://www.turnitin.com/login_page.asp?lang=en_us成功
Info 2026-01-28 00:40:27 正在登录https://www.turnitin.com/login_page.asp?lang=en_us，账号为zihengwang@um.edu.mo,密码为：Wzh19970101&&
Info 2026-01-28 00:40:33 登录https://www.turnitin.com/login_page.asp?lang=en_us成功
Info 2026-01-28 00:41:53 正在登录https://www.turnitin.com/login_page.asp?lang=en_us，账号为zihengwang@um.edu.mo,密码为：Wzh19970101&&
Info 2026-01-28 00:42:01 登录https://www.turnitin.com/login_page.asp?lang=en_us成功
Info 2026-01-28 00:43:21 正在登录https://www.turnitin.com/login_page.asp?lang=en_us，账号为zihengwang@um.edu.mo,密码为：Wzh19970101&&
Info 2026-01-28 00:43:26 登录https://www.turnitin.com/login_page.asp?lang=en_us成功
Info 2026-01-28 00:44:48 正在登录https://www.turnitin.com/login_page.asp?lang=en_us，账号为zihengwang@um.edu.mo,密码为：Wzh19970101&&
Info 2026-01-28 00:44:52 登录https://www.turnitin.com/login_page.asp?lang=en_us成功
Info 2026-01-28 00:47:40 正在登录https://www.turnitin.com/login_page.asp?lang=en_us，账号为zihengwang@um.edu.mo,密码为：Wzh19970101&&
Info 2026-01-28 00:47:46 登录https://www.turnitin.com/login_page.asp?lang=en_us成功
Info 2026-01-28 00:49:05 正在登录https://www.turnitin.com/login_page.asp?lang=en_us，账号为zihengwang@um.edu.mo,密码为：Wzh19970101&&
Info 2026-01-28 00:49:08 登录https://www.turnitin.com/login_page.asp?lang=en_us成功
Info 2026-01-28 00:50:26 正在登录https://www.turnitin.com/login_page.asp?lang=en_us，账号为zihengwang@um.edu.mo,密码为：Wzh19970101&&
Info 2026-01-28 00:50:31 登录https://www.turnitin.com/login_page.asp?lang=en_us成功
Info 2026-01-28 00:51:52 正在登录https://www.turnitin.com/login_page.asp?lang=en_us，账号为zihengwang@um.edu.mo,密码为：Wzh19970101&&
Info 2026-01-28 00:51:57 登录https://www.turnitin.com/login_page.asp?lang=en_us成功
Info 2026-01-28 00:53:17 正在登录https://www.turnitin.com/login_page.asp?lang=en_us，账号为zihengwang@um.edu.mo,密码为：Wzh19970101&&
Info 2026-01-28 00:53:22 登录https://www.turnitin.com/login_page.asp?lang=en_us成功
Info 2026-01-28 00:54:42 正在登录https://www.turnitin.com/login_page.asp?lang=en_us，账号为zihengwang@um.edu.mo,密码为：Wzh19970101&&
Info 2026-01-28 00:54:46 登录https://www.turnitin.com/login_page.asp?lang=en_us成功
Info 2026-01-28 00:56:07 正在登录https://www.turnitin.com/login_page.asp?lang=en_us，账号为zihengwang@um.edu.mo,密码为：Wzh19970101&&
Info 2026-01-28 00:56:11 登录https://www.turnitin.com/login_page.asp?lang=en_us成功
Info 2026-01-28 00:57:30 正在登录https://www.turnitin.com/login_page.asp?lang=en_us，账号为zihengwang@um.edu.mo,密码为：Wzh19970101&&
Info 2026-01-28 00:57:32 登录https://www.turnitin.com/login_page.asp?lang=en_us成功
Info 2026-01-28 00:58:51 正在登录https://www.turnitin.com/login_page.asp?lang=en_us，账号为zihengwang@um.edu.mo,密码为：Wzh19970101&&
Info 2026-01-28 00:58:55 登录https://www.turnitin.com/login_page.asp?lang=en_us成功
Info 2026-01-28 01:00:20 正在登录https://www.turnitin.com/login_page.asp?lang=en_us，账号为zihengwang@um.edu.mo,密码为：Wzh19970101&&
Info 2026-01-28 01:00:24 登录https://www.turnitin.com/login_page.asp?lang=en_us成功
Info 2026-01-28 01:01:48 正在登录https://www.turnitin.com/login_page.asp?lang=en_us，账号为zihengwang@um.edu.mo,密码为：Wzh19970101&&
Info 2026-01-28 01:01:52 登录https://www.turnitin.com/login_page.asp?lang=en_us成功
Info 2026-01-28 01:03:12 正在登录https://www.turnitin.com/login_page.asp?lang=en_us，账号为zihengwang@um.edu.mo,密码为：Wzh19970101&&
Info 2026-01-28 01:03:27 登录https://www.turnitin.com/login_page.asp?lang=en_us成功
Info 2026-01-28 01:04:47 正在登录https://www.turnitin.com/login_page.asp?lang=en_us，账号为zihengwang@um.edu.mo,密码为：Wzh19970101&&
Info 2026-01-28 01:04:51 登录https://www.turnitin.com/login_page.asp?lang=en_us成功
Info 2026-01-28 01:06:10 正在登录https://www.turnitin.com/login_page.asp?lang=en_us，账号为zihengwang@um.edu.mo,密码为：Wzh19970101&&
Info 2026-01-28 01:06:15 登录https://www.turnitin.com/login_page.asp?lang=en_us成功
Info 2026-01-28 01:07:34 正在登录https://www.turnitin.com/login_page.asp?lang=en_us，账号为zihengwang@um.edu.mo,密码为：Wzh19970101&&
Info 2026-01-28 01:07:39 登录https://www.turnitin.com/login_page.asp?lang=en_us成功
Info 2026-01-28 01:09:01 正在登录https://www.turnitin.com/login_page.asp?lang=en_us，账号为zihengwang@um.edu.mo,密码为：Wzh19970101&&
Info 2026-01-28 01:09:03 登录https://www.turnitin.com/login_page.asp?lang=en_us成功
Info 2026-01-28 01:10:23 正在登录https://www.turnitin.com/login_page.asp?lang=en_us，账号为zihengwang@um.edu.mo,密码为：Wzh19970101&&
Info 2026-01-28 01:10:32 登录https://www.turnitin.com/login_page.asp?lang=en_us成功
Info 2026-01-28 01:12:46 正在登录https://www.turnitin.com/login_page.asp?lang=en_us，账号为zihengwang@um.edu.mo,密码为：Wzh19970101&&
Info 2026-01-28 01:12:57 登录https://www.turnitin.com/login_page.asp?lang=en_us成功
Info 2026-01-28 01:14:16 正在登录https://www.turnitin.com/login_page.asp?lang=en_us，账号为zihengwang@um.edu.mo,密码为：Wzh19970101&&
Info 2026-01-28 01:14:27 登录https://www.turnitin.com/login_page.asp?lang=en_us成功
Info 2026-01-28 01:15:51 正在登录https://www.turnitin.com/login_page.asp?lang=en_us，账号为zihengwang@um.edu.mo,密码为：Wzh19970101&&
Info 2026-01-28 01:15:55 登录https://www.turnitin.com/login_page.asp?lang=en_us成功
Info 2026-01-28 01:17:21 正在登录https://www.turnitin.com/login_page.asp?lang=en_us，账号为zihengwang@um.edu.mo,密码为：Wzh19970101&&
Info 2026-01-28 01:17:24 登录https://www.turnitin.com/login_page.asp?lang=en_us成功
Info 2026-01-28 01:18:44 正在登录https://www.turnitin.com/login_page.asp?lang=en_us，账号为zihengwang@um.edu.mo,密码为：Wzh19970101&&
Info 2026-01-28 01:18:57 登录https://www.turnitin.com/login_page.asp?lang=en_us成功
Info 2026-01-28 01:20:18 正在登录https://www.turnitin.com/login_page.asp?lang=en_us，账号为zihengwang@um.edu.mo,密码为：Wzh19970101&&
Info 2026-01-28 01:20:23 登录https://www.turnitin.com/login_page.asp?lang=en_us成功
Info 2026-01-28 01:21:43 正在登录https://www.turnitin.com/login_page.asp?lang=en_us，账号为zihengwang@um.edu.mo,密码为：Wzh19970101&&
Info 2026-01-28 01:21:47 登录https://www.turnitin.com/login_page.asp?lang=en_us成功
Info 2026-01-28 01:23:08 正在登录https://www.turnitin.com/login_page.asp?lang=en_us，账号为zihengwang@um.edu.mo,密码为：Wzh19970101&&
Info 2026-01-28 01:23:11 登录https://www.turnitin.com/login_page.asp?lang=en_us成功
Info 2026-01-28 01:24:34 正在登录https://www.turnitin.com/login_page.asp?lang=en_us，账号为zihengwang@um.edu.mo,密码为：Wzh19970101&&
Info 2026-01-28 01:24:38 登录https://www.turnitin.com/login_page.asp?lang=en_us成功
Info 2026-01-28 01:25:57 正在登录https://www.turnitin.com/login_page.asp?lang=en_us，账号为zihengwang@um.edu.mo,密码为：Wzh19970101&&
Info 2026-01-28 01:26:02 登录https://www.turnitin.com/login_page.asp?lang=en_us成功
Info 2026-01-28 01:27:22 正在登录https://www.turnitin.com/login_page.asp?lang=en_us，账号为zihengwang@um.edu.mo,密码为：Wzh19970101&&
Info 2026-01-28 01:27:25 登录https://www.turnitin.com/login_page.asp?lang=en_us成功
Info 2026-01-28 01:28:52 正在登录https://www.turnitin.com/login_page.asp?lang=en_us，账号为zihengwang@um.edu.mo,密码为：Wzh19970101&&
Info 2026-01-28 01:28:59 登录https://www.turnitin.com/login_page.asp?lang=en_us成功
Info 2026-01-28 01:30:18 正在登录https://www.turnitin.com/login_page.asp?lang=en_us，账号为zihengwang@um.edu.mo,密码为：Wzh19970101&&
Info 2026-01-28 01:30:26 登录https://www.turnitin.com/login_page.asp?lang=en_us成功
Info 2026-01-28 01:31:45 正在登录https://www.turnitin.com/login_page.asp?lang=en_us，账号为zihengwang@um.edu.mo,密码为：Wzh19970101&&
Info 2026-01-28 01:31:50 登录https://www.turnitin.com/login_page.asp?lang=en_us成功
Info 2026-01-28 01:34:39 正在登录https://www.turnitin.com/login_page.asp?lang=en_us，账号为zihengwang@um.edu.mo,密码为：Wzh19970101&&
Info 2026-01-28 01:34:44 登录https://www.turnitin.com/login_page.asp?lang=en_us成功
Info 2026-01-28 01:36:02 正在登录https://www.turnitin.com/login_page.asp?lang=en_us，账号为zihengwang@um.edu.mo,密码为：Wzh19970101&&
Info 2026-01-28 01:36:12 登录https://www.turnitin.com/login_page.asp?lang=en_us成功
Info 2026-01-28 01:37:30 正在登录https://www.turnitin.com/login_page.asp?lang=en_us，账号为zihengwang@um.edu.mo,密码为：Wzh19970101&&
Info 2026-01-28 01:37:35 登录https://www.turnitin.com/login_page.asp?lang=en_us成功
Info 2026-01-28 01:38:56 正在登录https://www.turnitin.com/login_page.asp?lang=en_us，账号为zihengwang@um.edu.mo,密码为：Wzh19970101&&
Info 2026-01-28 01:38:59 登录https://www.turnitin.com/login_page.asp?lang=en_us成功
Info 2026-01-28 01:40:20 正在登录https://www.turnitin.com/login_page.asp?lang=en_us，账号为zihengwang@um.edu.mo,密码为：Wzh19970101&&
Info 2026-01-28 01:40:24 登录https://www.turnitin.com/login_page.asp?lang=en_us成功
Info 2026-01-28 01:41:44 正在登录https://www.turnitin.com/login_page.asp?lang=en_us，账号为zihengwang@um.edu.mo,密码为：Wzh19970101&&
Info 2026-01-28 01:41:51 登录https://www.turnitin.com/login_page.asp?lang=en_us成功
Info 2026-01-28 01:43:13 正在登录https://www.turnitin.com/login_page.asp?lang=en_us，账号为zihengwang@um.edu.mo,密码为：Wzh19970101&&
Info 2026-01-28 01:43:16 登录https://www.turnitin.com/login_page.asp?lang=en_us成功
Info 2026-01-28 01:44:39 正在登录https://www.turnitin.com/login_page.asp?lang=en_us，账号为zihengwang@um.edu.mo,密码为：Wzh19970101&&
Info 2026-01-28 01:44:43 登录https://www.turnitin.com/login_page.asp?lang=en_us成功
Info 2026-01-28 01:46:02 正在登录https://www.turnitin.com/login_page.asp?lang=en_us，账号为zihengwang@um.edu.mo,密码为：Wzh19970101&&
Info 2026-01-28 01:46:13 登录https://www.turnitin.com/login_page.asp?lang=en_us成功
Info 2026-01-28 01:47:32 正在登录https://www.turnitin.com/login_page.asp?lang=en_us，账号为zihengwang@um.edu.mo,密码为：Wzh19970101&&
Info 2026-01-28 01:47:36 登录https://www.turnitin.com/login_page.asp?lang=en_us成功
Info 2026-01-28 01:48:54 正在登录https://www.turnitin.com/login_page.asp?lang=en_us，账号为zihengwang@um.edu.mo,密码为：Wzh19970101&&
Info 2026-01-28 01:48:59 登录https://www.turnitin.com/login_page.asp?lang=en_us成功
Info 2026-01-28 01:50:18 正在登录https://www.turnitin.com/login_page.asp?lang=en_us，账号为zihengwang@um.edu.mo,密码为：Wzh19970101&&
Info 2026-01-28 01:50:22 登录https://www.turnitin.com/login_page.asp?lang=en_us成功
Info 2026-01-28 01:51:41 正在登录https://www.turnitin.com/login_page.asp?lang=en_us，账号为zihengwang@um.edu.mo,密码为：Wzh19970101&&
Info 2026-01-28 01:51:52 登录https://www.turnitin.com/login_page.asp?lang=en_us成功
Info 2026-01-28 01:53:13 正在登录https://www.turnitin.com/login_page.asp?lang=en_us，账号为zihengwang@um.edu.mo,密码为：Wzh19970101&&
Info 2026-01-28 01:53:18 登录https://www.turnitin.com/login_page.asp?lang=en_us成功
Info 2026-01-28 01:54:37 正在登录https://www.turnitin.com/login_page.asp?lang=en_us，账号为zihengwang@um.edu.mo,密码为：Wzh19970101&&
Info 2026-01-28 01:54:41 登录https://www.turnitin.com/login_page.asp?lang=en_us成功
Info 2026-01-28 01:56:00 正在登录https://www.turnitin.com/login_page.asp?lang=en_us，账号为zihengwang@um.edu.mo,密码为：Wzh19970101&&
Info 2026-01-28 01:56:02 登录https://www.turnitin.com/login_page.asp?lang=en_us成功
Info 2026-01-28 01:57:21 正在登录https://www.turnitin.com/login_page.asp?lang=en_us，账号为zihengwang@um.edu.mo,密码为：Wzh19970101&&
Info 2026-01-28 01:57:25 登录https://www.turnitin.com/login_page.asp?lang=en_us成功
Info 2026-01-28 01:58:43 正在登录https://www.turnitin.com/login_page.asp?lang=en_us，账号为zihengwang@um.edu.mo,密码为：Wzh19970101&&
Info 2026-01-28 01:58:46 登录https://www.turnitin.com/login_page.asp?lang=en_us成功
Info 2026-01-28 02:00:06 正在登录https://www.turnitin.com/login_page.asp?lang=en_us，账号为zihengwang@um.edu.mo,密码为：Wzh19970101&&
Info 2026-01-28 02:00:11 登录https://www.turnitin.com/login_page.asp?lang=en_us成功
Info 2026-01-28 02:01:30 正在登录https://www.turnitin.com/login_page.asp?lang=en_us，账号为zihengwang@um.edu.mo,密码为：Wzh19970101&&
Info 2026-01-28 02:01:34 登录https://www.turnitin.com/login_page.asp?lang=en_us成功
Info 2026-01-28 02:02:53 正在登录https://www.turnitin.com/login_page.asp?lang=en_us，账号为zihengwang@um.edu.mo,密码为：Wzh19970101&&
Info 2026-01-28 02:02:59 登录https://www.turnitin.com/login_page.asp?lang=en_us成功
Info 2026-01-28 02:04:18 正在登录https://www.turnitin.com/login_page.asp?lang=en_us，账号为zihengwang@um.edu.mo,密码为：Wzh19970101&&
Info 2026-01-28 02:04:22 登录https://www.turnitin.com/login_page.asp?lang=en_us成功
Info 2026-01-28 02:05:40 正在登录https://www.turnitin.com/login_page.asp?lang=en_us，账号为zihengwang@um.edu.mo,密码为：Wzh19970101&&
Info 2026-01-28 02:05:45 登录https://www.turnitin.com/login_page.asp?lang=en_us成功
Info 2026-01-28 02:07:04 正在登录https://www.turnitin.com/login_page.asp?lang=en_us，账号为zihengwang@um.edu.mo,密码为：Wzh19970101&&
Info 2026-01-28 02:07:16 登录https://www.turnitin.com/login_page.asp?lang=en_us成功
Info 2026-01-28 02:08:36 正在登录https://www.turnitin.com/login_page.asp?lang=en_us，账号为zihengwang@um.edu.mo,密码为：Wzh19970101&&
Info 2026-01-28 02:08:39 登录https://www.turnitin.com/login_page.asp?lang=en_us成功
Info 2026-01-28 02:10:02 正在登录https://www.turnitin.com/login_page.asp?lang=en_us，账号为zihengwang@um.edu.mo,密码为：Wzh19970101&&
Info 2026-01-28 02:10:06 登录https://www.turnitin.com/login_page.asp?lang=en_us成功
Info 2026-01-28 02:11:25 正在登录https://www.turnitin.com/login_page.asp?lang=en_us，账号为zihengwang@um.edu.mo,密码为：Wzh19970101&&
Info 2026-01-28 02:11:30 登录https://www.turnitin.com/login_page.asp?lang=en_us成功
Info 2026-01-28 02:12:53 正在登录https://www.turnitin.com/login_page.asp?lang=en_us，账号为zihengwang@um.edu.mo,密码为：Wzh19970101&&
Info 2026-01-28 02:12:56 登录https://www.turnitin.com/login_page.asp?lang=en_us成功
Info 2026-01-28 02:14:21 正在登录https://www.turnitin.com/login_page.asp?lang=en_us，账号为zihengwang@um.edu.mo,密码为：Wzh19970101&&
Info 2026-01-28 02:14:28 登录https://www.turnitin.com/login_page.asp?lang=en_us成功
Info 2026-01-28 02:15:46 正在登录https://www.turnitin.com/login_page.asp?lang=en_us，账号为zihengwang@um.edu.mo,密码为：Wzh19970101&&
Info 2026-01-28 02:15:51 登录https://www.turnitin.com/login_page.asp?lang=en_us成功
Info 2026-01-28 02:17:09 正在登录https://www.turnitin.com/login_page.asp?lang=en_us，账号为zihengwang@um.edu.mo,密码为：Wzh19970101&&
Info 2026-01-28 02:17:14 登录https://www.turnitin.com/login_page.asp?lang=en_us成功
Info 2026-01-28 02:18:33 正在登录https://www.turnitin.com/login_page.asp?lang=en_us，账号为zihengwang@um.edu.mo,密码为：Wzh19970101&&
Info 2026-01-28 02:18:37 登录https://www.turnitin.com/login_page.asp?lang=en_us成功
Info 2026-01-28 02:19:56 正在登录https://www.turnitin.com/login_page.asp?lang=en_us，账号为zihengwang@um.edu.mo,密码为：Wzh19970101&&
Info 2026-01-28 02:20:00 登录https://www.turnitin.com/login_page.asp?lang=en_us成功
Info 2026-01-28 02:21:19 正在登录https://www.turnitin.com/login_page.asp?lang=en_us，账号为zihengwang@um.edu.mo,密码为：Wzh19970101&&
Info 2026-01-28 02:21:28 登录https://www.turnitin.com/login_page.asp?lang=en_us成功
Info 2026-01-28 02:22:50 正在登录https://www.turnitin.com/login_page.asp?lang=en_us，账号为zihengwang@um.edu.mo,密码为：Wzh19970101&&
Info 2026-01-28 02:22:58 登录https://www.turnitin.com/login_page.asp?lang=en_us成功
Info 2026-01-28 02:24:17 正在登录https://www.turnitin.com/login_page.asp?lang=en_us，账号为zihengwang@um.edu.mo,密码为：Wzh19970101&&
Info 2026-01-28 02:24:20 登录https://www.turnitin.com/login_page.asp?lang=en_us成功
Info 2026-01-28 02:25:39 正在登录https://www.turnitin.com/login_page.asp?lang=en_us，账号为zihengwang@um.edu.mo,密码为：Wzh19970101&&
Info 2026-01-28 02:25:43 登录https://www.turnitin.com/login_page.asp?lang=en_us成功
Info 2026-01-28 02:27:01 正在登录https://www.turnitin.com/login_page.asp?lang=en_us，账号为zihengwang@um.edu.mo,密码为：Wzh19970101&&
Info 2026-01-28 02:27:04 登录https://www.turnitin.com/login_page.asp?lang=en_us成功
Info 2026-01-28 02:28:23 正在登录https://www.turnitin.com/login_page.asp?lang=en_us，账号为zihengwang@um.edu.mo,密码为：Wzh19970101&&
Info 2026-01-28 02:28:33 登录https://www.turnitin.com/login_page.asp?lang=en_us成功
Info 2026-01-28 02:29:55 正在登录https://www.turnitin.com/login_page.asp?lang=en_us，账号为zihengwang@um.edu.mo,密码为：Wzh19970101&&
Info 2026-01-28 02:30:23 登录https://www.turnitin.com/login_page.asp?lang=en_us成功
Info 2026-01-28 02:31:42 正在登录https://www.turnitin.com/login_page.asp?lang=en_us，账号为zihengwang@um.edu.mo,密码为：Wzh19970101&&
Info 2026-01-28 02:31:47 登录https://www.turnitin.com/login_page.asp?lang=en_us成功
Info 2026-01-28 02:33:05 正在登录https://www.turnitin.com/login_page.asp?lang=en_us，账号为zihengwang@um.edu.mo,密码为：Wzh19970101&&
Info 2026-01-28 02:33:08 登录https://www.turnitin.com/login_page.asp?lang=en_us成功
Info 2026-01-28 02:34:26 正在登录https://www.turnitin.com/login_page.asp?lang=en_us，账号为zihengwang@um.edu.mo,密码为：Wzh19970101&&
Info 2026-01-28 02:34:31 登录https://www.turnitin.com/login_page.asp?lang=en_us成功
Info 2026-01-28 02:37:12 正在登录https://www.turnitin.com/login_page.asp?lang=en_us，账号为zihengwang@um.edu.mo,密码为：Wzh19970101&&
Info 2026-01-28 02:38:40 登录https://www.turnitin.com/login_page.asp?lang=en_us成功
Info 2026-01-28 02:41:22 正在登录https://www.turnitin.com/login_page.asp?lang=en_us，账号为zihengwang@um.edu.mo,密码为：Wzh19970101&&
Info 2026-01-28 02:42:50 登录https://www.turnitin.com/login_page.asp?lang=en_us成功
Info 2026-01-28 02:45:32 正在登录https://www.turnitin.com/login_page.asp?lang=en_us，账号为zihengwang@um.edu.mo,密码为：Wzh19970101&&
Info 2026-01-28 02:45:38 登录https://www.turnitin.com/login_page.asp?lang=en_us成功
Info 2026-01-28 02:46:57 正在登录https://www.turnitin.com/login_page.asp?lang=en_us，账号为zihengwang@um.edu.mo,密码为：Wzh19970101&&
Info 2026-01-28 02:47:00 登录https://www.turnitin.com/login_page.asp?lang=en_us成功
Info 2026-01-28 02:48:19 正在登录https://www.turnitin.com/login_page.asp?lang=en_us，账号为zihengwang@um.edu.mo,密码为：Wzh19970101&&
Info 2026-01-28 02:48:23 登录https://www.turnitin.com/login_page.asp?lang=en_us成功
Info 2026-01-28 02:49:43 正在登录https://www.turnitin.com/login_page.asp?lang=en_us，账号为zihengwang@um.edu.mo,密码为：Wzh19970101&&
Info 2026-01-28 02:49:49 登录https://www.turnitin.com/login_page.asp?lang=en_us成功
Info 2026-01-28 02:52:31 正在登录https://www.turnitin.com/login_page.asp?lang=en_us，账号为zihengwang@um.edu.mo,密码为：Wzh19970101&&
Info 2026-01-28 02:54:04 登录https://www.turnitin.com/login_page.asp?lang=en_us成功
Info 2026-01-28 02:55:24 正在登录https://www.turnitin.com/login_page.asp?lang=en_us，账号为zihengwang@um.edu.mo,密码为：Wzh19970101&&
Info 2026-01-28 02:55:27 登录https://www.turnitin.com/login_page.asp?lang=en_us成功
Info 2026-01-28 02:56:46 正在登录https://www.turnitin.com/login_page.asp?lang=en_us，账号为zihengwang@um.edu.mo,密码为：Wzh19970101&&
Info 2026-01-28 02:56:51 登录https://www.turnitin.com/login_page.asp?lang=en_us成功
Info 2026-01-28 02:58:13 正在登录https://www.turnitin.com/login_page.asp?lang=en_us，账号为zihengwang@um.edu.mo,密码为：Wzh19970101&&
Info 2026-01-28 02:58:17 登录https://www.turnitin.com/login_page.asp?lang=en_us成功
Info 2026-01-28 02:59:36 正在登录https://www.turnitin.com/login_page.asp?lang=en_us，账号为zihengwang@um.edu.mo,密码为：Wzh19970101&&
Info 2026-01-28 02:59:41 登录https://www.turnitin.com/login_page.asp?lang=en_us成功
Info 2026-01-28 03:01:01 正在登录https://www.turnitin.com/login_page.asp?lang=en_us，账号为zihengwang@um.edu.mo,密码为：Wzh19970101&&
Info 2026-01-28 03:01:08 登录https://www.turnitin.com/login_page.asp?lang=en_us成功
Info 2026-01-28 03:02:26 正在登录https://www.turnitin.com/login_page.asp?lang=en_us，账号为zihengwang@um.edu.mo,密码为：Wzh19970101&&
Info 2026-01-28 03:02:32 登录https://www.turnitin.com/login_page.asp?lang=en_us成功
Info 2026-01-28 03:03:53 正在登录https://www.turnitin.com/login_page.asp?lang=en_us，账号为zihengwang@um.edu.mo,密码为：Wzh19970101&&
Info 2026-01-28 03:03:55 登录https://www.turnitin.com/login_page.asp?lang=en_us成功
Info 2026-01-28 03:05:20 正在登录https://www.turnitin.com/login_page.asp?lang=en_us，账号为zihengwang@um.edu.mo,密码为：Wzh19970101&&
Info 2026-01-28 03:05:25 登录https://www.turnitin.com/login_page.asp?lang=en_us成功
Info 2026-01-28 03:06:44 正在登录https://www.turnitin.com/login_page.asp?lang=en_us，账号为zihengwang@um.edu.mo,密码为：Wzh19970101&&
Info 2026-01-28 03:06:57 登录https://www.turnitin.com/login_page.asp?lang=en_us成功
Info 2026-01-28 03:08:17 正在登录https://www.turnitin.com/login_page.asp?lang=en_us，账号为zihengwang@um.edu.mo,密码为：Wzh19970101&&
Info 2026-01-28 03:08:22 登录https://www.turnitin.com/login_page.asp?lang=en_us成功
Info 2026-01-28 03:09:44 正在登录https://www.turnitin.com/login_page.asp?lang=en_us，账号为zihengwang@um.edu.mo,密码为：Wzh19970101&&
Info 2026-01-28 03:09:49 登录https://www.turnitin.com/login_page.asp?lang=en_us成功
Info 2026-01-28 03:11:09 正在登录https://www.turnitin.com/login_page.asp?lang=en_us，账号为zihengwang@um.edu.mo,密码为：Wzh19970101&&
Info 2026-01-28 03:11:13 登录https://www.turnitin.com/login_page.asp?lang=en_us成功
Info 2026-01-28 03:12:32 正在登录https://www.turnitin.com/login_page.asp?lang=en_us，账号为zihengwang@um.edu.mo,密码为：Wzh19970101&&
Info 2026-01-28 03:12:38 登录https://www.turnitin.com/login_page.asp?lang=en_us成功
Info 2026-01-28 03:13:57 正在登录https://www.turnitin.com/login_page.asp?lang=en_us，账号为zihengwang@um.edu.mo,密码为：Wzh19970101&&
Info 2026-01-28 03:14:04 登录https://www.turnitin.com/login_page.asp?lang=en_us成功
Info 2026-01-28 03:15:21 正在登录https://www.turnitin.com/login_page.asp?lang=en_us，账号为zihengwang@um.edu.mo,密码为：Wzh19970101&&
Info 2026-01-28 03:15:28 登录https://www.turnitin.com/login_page.asp?lang=en_us成功
Info 2026-01-28 03:16:46 正在登录https://www.turnitin.com/login_page.asp?lang=en_us，账号为zihengwang@um.edu.mo,密码为：Wzh19970101&&
Info 2026-01-28 03:16:49 登录https://www.turnitin.com/login_page.asp?lang=en_us成功
Info 2026-01-28 03:18:07 正在登录https://www.turnitin.com/login_page.asp?lang=en_us，账号为zihengwang@um.edu.mo,密码为：Wzh19970101&&
Info 2026-01-28 03:18:11 登录https://www.turnitin.com/login_page.asp?lang=en_us成功
Info 2026-01-28 03:19:30 正在登录https://www.turnitin.com/login_page.asp?lang=en_us，账号为zihengwang@um.edu.mo,密码为：Wzh19970101&&
Info 2026-01-28 03:19:34 登录https://www.turnitin.com/login_page.asp?lang=en_us成功
Info 2026-01-28 03:22:16 正在登录https://www.turnitin.com/login_page.asp?lang=en_us，账号为zihengwang@um.edu.mo,密码为：Wzh19970101&&
Info 2026-01-28 03:22:22 登录https://www.turnitin.com/login_page.asp?lang=en_us成功
Info 2026-01-28 03:23:41 正在登录https://www.turnitin.com/login_page.asp?lang=en_us，账号为zihengwang@um.edu.mo,密码为：Wzh19970101&&
Info 2026-01-28 03:23:53 登录https://www.turnitin.com/login_page.asp?lang=en_us成功
Info 2026-01-28 03:25:13 正在登录https://www.turnitin.com/login_page.asp?lang=en_us，账号为zihengwang@um.edu.mo,密码为：Wzh19970101&&
Info 2026-01-28 03:25:17 登录https://www.turnitin.com/login_page.asp?lang=en_us成功
Info 2026-01-28 03:27:58 正在登录https://www.turnitin.com/login_page.asp?lang=en_us，账号为zihengwang@um.edu.mo,密码为：Wzh19970101&&
Info 2026-01-28 03:29:18 登录https://www.turnitin.com/login_page.asp?lang=en_us成功
Info 2026-01-28 03:30:39 正在登录https://www.turnitin.com/login_page.asp?lang=en_us，账号为zihengwang@um.edu.mo,密码为：Wzh19970101&&
Info 2026-01-28 03:30:45 登录https://www.turnitin.com/login_page.asp?lang=en_us成功
Info 2026-01-28 03:32:04 正在登录https://www.turnitin.com/login_page.asp?lang=en_us，账号为zihengwang@um.edu.mo,密码为：Wzh19970101&&
Info 2026-01-28 03:32:07 登录https://www.turnitin.com/login_page.asp?lang=en_us成功
Info 2026-01-28 03:33:26 正在登录https://www.turnitin.com/login_page.asp?lang=en_us，账号为zihengwang@um.edu.mo,密码为：Wzh19970101&&
Info 2026-01-28 03:33:30 登录https://www.turnitin.com/login_page.asp?lang=en_us成功
Info 2026-01-28 03:34:49 正在登录https://www.turnitin.com/login_page.asp?lang=en_us，账号为zihengwang@um.edu.mo,密码为：Wzh19970101&&
Info 2026-01-28 03:34:54 登录https://www.turnitin.com/login_page.asp?lang=en_us成功
Info 2026-01-28 03:36:13 正在登录https://www.turnitin.com/login_page.asp?lang=en_us，账号为zihengwang@um.edu.mo,密码为：Wzh19970101&&
Info 2026-01-28 03:36:17 登录https://www.turnitin.com/login_page.asp?lang=en_us成功
Info 2026-01-28 03:37:36 正在登录https://www.turnitin.com/login_page.asp?lang=en_us，账号为zihengwang@um.edu.mo,密码为：Wzh19970101&&
Info 2026-01-28 03:37:39 登录https://www.turnitin.com/login_page.asp?lang=en_us成功
Info 2026-01-28 03:38:58 正在登录https://www.turnitin.com/login_page.asp?lang=en_us，账号为zihengwang@um.edu.mo,密码为：Wzh19970101&&
Info 2026-01-28 03:39:06 登录https://www.turnitin.com/login_page.asp?lang=en_us成功
Info 2026-01-28 03:40:25 正在登录https://www.turnitin.com/login_page.asp?lang=en_us，账号为zihengwang@um.edu.mo,密码为：Wzh19970101&&
Info 2026-01-28 03:40:37 登录https://www.turnitin.com/login_page.asp?lang=en_us成功
Info 2026-01-28 03:41:56 正在登录https://www.turnitin.com/login_page.asp?lang=en_us，账号为zihengwang@um.edu.mo,密码为：Wzh19970101&&
Info 2026-01-28 03:42:09 登录https://www.turnitin.com/login_page.asp?lang=en_us成功
Info 2026-01-28 03:43:28 正在登录https://www.turnitin.com/login_page.asp?lang=en_us，账号为zihengwang@um.edu.mo,密码为：Wzh19970101&&
Info 2026-01-28 03:43:32 登录https://www.turnitin.com/login_page.asp?lang=en_us成功
Info 2026-01-28 03:44:51 正在登录https://www.turnitin.com/login_page.asp?lang=en_us，账号为zihengwang@um.edu.mo,密码为：Wzh19970101&&
Info 2026-01-28 03:44:56 登录https://www.turnitin.com/login_page.asp?lang=en_us成功
Info 2026-01-28 03:46:15 正在登录https://www.turnitin.com/login_page.asp?lang=en_us，账号为zihengwang@um.edu.mo,密码为：Wzh19970101&&
Info 2026-01-28 03:46:19 登录https://www.turnitin.com/login_page.asp?lang=en_us成功
Info 2026-01-28 03:47:38 正在登录https://www.turnitin.com/login_page.asp?lang=en_us，账号为zihengwang@um.edu.mo,密码为：Wzh19970101&&
Info 2026-01-28 03:47:41 登录https://www.turnitin.com/login_page.asp?lang=en_us成功
Info 2026-01-28 03:49:01 正在登录https://www.turnitin.com/login_page.asp?lang=en_us，账号为zihengwang@um.edu.mo,密码为：Wzh19970101&&
Info 2026-01-28 03:49:06 登录https://www.turnitin.com/login_page.asp?lang=en_us成功
Info 2026-01-28 03:50:26 正在登录https://www.turnitin.com/login_page.asp?lang=en_us，账号为zihengwang@um.edu.mo,密码为：Wzh19970101&&
Info 2026-01-28 03:50:29 登录https://www.turnitin.com/login_page.asp?lang=en_us成功
Info 2026-01-28 03:51:47 正在登录https://www.turnitin.com/login_page.asp?lang=en_us，账号为zihengwang@um.edu.mo,密码为：Wzh19970101&&
Info 2026-01-28 03:51:52 登录https://www.turnitin.com/login_page.asp?lang=en_us成功
Info 2026-01-28 03:54:34 正在登录https://www.turnitin.com/login_page.asp?lang=en_us，账号为zihengwang@um.edu.mo,密码为：Wzh19970101&&
Info 2026-01-28 03:54:36 登录https://www.turnitin.com/login_page.asp?lang=en_us成功
Info 2026-01-28 03:55:58 正在登录https://www.turnitin.com/login_page.asp?lang=en_us，账号为zihengwang@um.edu.mo,密码为：Wzh19970101&&
Info 2026-01-28 03:56:02 登录https://www.turnitin.com/login_page.asp?lang=en_us成功
Info 2026-01-28 03:57:22 正在登录https://www.turnitin.com/login_page.asp?lang=en_us，账号为zihengwang@um.edu.mo,密码为：Wzh19970101&&
Info 2026-01-28 03:57:26 登录https://www.turnitin.com/login_page.asp?lang=en_us成功
Info 2026-01-28 03:58:45 正在登录https://www.turnitin.com/login_page.asp?lang=en_us，账号为zihengwang@um.edu.mo,密码为：Wzh19970101&&
Info 2026-01-28 03:58:48 登录https://www.turnitin.com/login_page.asp?lang=en_us成功
Info 2026-01-28 04:01:29 正在登录https://www.turnitin.com/login_page.asp?lang=en_us，账号为zihengwang@um.edu.mo,密码为：Wzh19970101&&
Info 2026-01-28 04:02:57 登录https://www.turnitin.com/login_page.asp?lang=en_us成功
Info 2026-01-28 04:04:23 正在登录https://www.turnitin.com/login_page.asp?lang=en_us，账号为zihengwang@um.edu.mo,密码为：Wzh19970101&&
Info 2026-01-28 04:04:28 登录https://www.turnitin.com/login_page.asp?lang=en_us成功
Info 2026-01-28 04:05:47 正在登录https://www.turnitin.com/login_page.asp?lang=en_us，账号为zihengwang@um.edu.mo,密码为：Wzh19970101&&
Info 2026-01-28 04:05:53 登录https://www.turnitin.com/login_page.asp?lang=en_us成功
Info 2026-01-28 04:07:16 正在登录https://www.turnitin.com/login_page.asp?lang=en_us，账号为zihengwang@um.edu.mo,密码为：Wzh19970101&&
Info 2026-01-28 04:07:21 登录https://www.turnitin.com/login_page.asp?lang=en_us成功
Info 2026-01-28 04:08:40 正在登录https://www.turnitin.com/login_page.asp?lang=en_us，账号为zihengwang@um.edu.mo,密码为：Wzh19970101&&
Info 2026-01-28 04:08:49 登录https://www.turnitin.com/login_page.asp?lang=en_us成功
Info 2026-01-28 04:10:08 正在登录https://www.turnitin.com/login_page.asp?lang=en_us，账号为zihengwang@um.edu.mo,密码为：Wzh19970101&&
Info 2026-01-28 04:10:10 登录https://www.turnitin.com/login_page.asp?lang=en_us成功
Info 2026-01-28 04:11:29 正在登录https://www.turnitin.com/login_page.asp?lang=en_us，账号为zihengwang@um.edu.mo,密码为：Wzh19970101&&
Info 2026-01-28 04:11:34 登录https://www.turnitin.com/login_page.asp?lang=en_us成功
Info 2026-01-28 04:12:52 正在登录https://www.turnitin.com/login_page.asp?lang=en_us，账号为zihengwang@um.edu.mo,密码为：Wzh19970101&&
Info 2026-01-28 04:12:58 登录https://www.turnitin.com/login_page.asp?lang=en_us成功
Info 2026-01-28 04:14:18 正在登录https://www.turnitin.com/login_page.asp?lang=en_us，账号为zihengwang@um.edu.mo,密码为：Wzh19970101&&
Info 2026-01-28 04:14:26 登录https://www.turnitin.com/login_page.asp?lang=en_us成功
Info 2026-01-28 04:15:48 正在登录https://www.turnitin.com/login_page.asp?lang=en_us，账号为zihengwang@um.edu.mo,密码为：Wzh19970101&&
Info 2026-01-28 04:15:53 登录https://www.turnitin.com/login_page.asp?lang=en_us成功
Info 2026-01-28 04:17:12 正在登录https://www.turnitin.com/login_page.asp?lang=en_us，账号为zihengwang@um.edu.mo,密码为：Wzh19970101&&
Info 2026-01-28 04:17:16 登录https://www.turnitin.com/login_page.asp?lang=en_us成功
Info 2026-01-28 04:18:37 正在登录https://www.turnitin.com/login_page.asp?lang=en_us，账号为zihengwang@um.edu.mo,密码为：Wzh19970101&&
Info 2026-01-28 04:18:46 登录https://www.turnitin.com/login_page.asp?lang=en_us成功
Info 2026-01-28 04:20:06 正在登录https://www.turnitin.com/login_page.asp?lang=en_us，账号为zihengwang@um.edu.mo,密码为：Wzh19970101&&
Info 2026-01-28 04:20:11 登录https://www.turnitin.com/login_page.asp?lang=en_us成功
Info 2026-01-28 04:21:30 正在登录https://www.turnitin.com/login_page.asp?lang=en_us，账号为zihengwang@um.edu.mo,密码为：Wzh19970101&&
Info 2026-01-28 04:21:35 登录https://www.turnitin.com/login_page.asp?lang=en_us成功
Info 2026-01-28 04:22:55 正在登录https://www.turnitin.com/login_page.asp?lang=en_us，账号为zihengwang@um.edu.mo,密码为：Wzh19970101&&
Info 2026-01-28 04:22:59 登录https://www.turnitin.com/login_page.asp?lang=en_us成功
Info 2026-01-28 04:25:41 正在登录https://www.turnitin.com/login_page.asp?lang=en_us，账号为zihengwang@um.edu.mo,密码为：Wzh19970101&&
Info 2026-01-28 04:27:13 登录https://www.turnitin.com/login_page.asp?lang=en_us成功
Info 2026-01-28 04:28:32 正在登录https://www.turnitin.com/login_page.asp?lang=en_us，账号为zihengwang@um.edu.mo,密码为：Wzh19970101&&
Info 2026-01-28 04:28:37 登录https://www.turnitin.com/login_page.asp?lang=en_us成功
Info 2026-01-28 04:29:57 正在登录https://www.turnitin.com/login_page.asp?lang=en_us，账号为zihengwang@um.edu.mo,密码为：Wzh19970101&&
Info 2026-01-28 04:30:01 登录https://www.turnitin.com/login_page.asp?lang=en_us成功
Info 2026-01-28 04:31:20 正在登录https://www.turnitin.com/login_page.asp?lang=en_us，账号为zihengwang@um.edu.mo,密码为：Wzh19970101&&
Info 2026-01-28 04:31:25 登录https://www.turnitin.com/login_page.asp?lang=en_us成功
Info 2026-01-28 04:32:43 正在登录https://www.turnitin.com/login_page.asp?lang=en_us，账号为zihengwang@um.edu.mo,密码为：Wzh19970101&&
Info 2026-01-28 04:32:47 登录https://www.turnitin.com/login_page.asp?lang=en_us成功
Info 2026-01-28 04:34:11 正在登录https://www.turnitin.com/login_page.asp?lang=en_us，账号为zihengwang@um.edu.mo,密码为：Wzh19970101&&
Info 2026-01-28 04:34:13 登录https://www.turnitin.com/login_page.asp?lang=en_us成功
Info 2026-01-28 04:37:00 正在登录https://www.turnitin.com/login_page.asp?lang=en_us，账号为zihengwang@um.edu.mo,密码为：Wzh19970101&&
Info 2026-01-28 04:38:30 登录https://www.turnitin.com/login_page.asp?lang=en_us成功
Info 2026-01-28 04:39:52 正在登录https://www.turnitin.com/login_page.asp?lang=en_us，账号为zihengwang@um.edu.mo,密码为：Wzh19970101&&
Info 2026-01-28 04:39:57 登录https://www.turnitin.com/login_page.asp?lang=en_us成功
Info 2026-01-28 04:42:43 正在登录https://www.turnitin.com/login_page.asp?lang=en_us，账号为zihengwang@um.edu.mo,密码为：Wzh19970101&&
Info 2026-01-28 04:42:49 登录https://www.turnitin.com/login_page.asp?lang=en_us成功
Info 2026-01-28 04:44:07 正在登录https://www.turnitin.com/login_page.asp?lang=en_us，账号为zihengwang@um.edu.mo,密码为：Wzh19970101&&
Info 2026-01-28 04:44:10 登录https://www.turnitin.com/login_page.asp?lang=en_us成功
Info 2026-01-28 04:45:28 正在登录https://www.turnitin.com/login_page.asp?lang=en_us，账号为zihengwang@um.edu.mo,密码为：Wzh19970101&&
Info 2026-01-28 04:45:36 登录https://www.turnitin.com/login_page.asp?lang=en_us成功
Info 2026-01-28 04:46:55 正在登录https://www.turnitin.com/login_page.asp?lang=en_us，账号为zihengwang@um.edu.mo,密码为：Wzh19970101&&
Info 2026-01-28 04:46:58 登录https://www.turnitin.com/login_page.asp?lang=en_us成功
Info 2026-01-28 04:48:16 正在登录https://www.turnitin.com/login_page.asp?lang=en_us，账号为zihengwang@um.edu.mo,密码为：Wzh19970101&&
Info 2026-01-28 04:48:22 登录https://www.turnitin.com/login_page.asp?lang=en_us成功
Info 2026-01-28 04:49:42 正在登录https://www.turnitin.com/login_page.asp?lang=en_us，账号为zihengwang@um.edu.mo,密码为：Wzh19970101&&
Info 2026-01-28 04:49:47 登录https://www.turnitin.com/login_page.asp?lang=en_us成功
Info 2026-01-28 04:51:06 正在登录https://www.turnitin.com/login_page.asp?lang=en_us，账号为zihengwang@um.edu.mo,密码为：Wzh19970101&&
Info 2026-01-28 04:51:11 登录https://www.turnitin.com/login_page.asp?lang=en_us成功
Info 2026-01-28 04:52:29 正在登录https://www.turnitin.com/login_page.asp?lang=en_us，账号为zihengwang@um.edu.mo,密码为：Wzh19970101&&
Info 2026-01-28 04:52:34 登录https://www.turnitin.com/login_page.asp?lang=en_us成功
Info 2026-01-28 04:53:54 正在登录https://www.turnitin.com/login_page.asp?lang=en_us，账号为zihengwang@um.edu.mo,密码为：Wzh19970101&&
Info 2026-01-28 04:53:59 登录https://www.turnitin.com/login_page.asp?lang=en_us成功
Info 2026-01-28 04:55:18 正在登录https://www.turnitin.com/login_page.asp?lang=en_us，账号为zihengwang@um.edu.mo,密码为：Wzh19970101&&
Info 2026-01-28 04:55:23 登录https://www.turnitin.com/login_page.asp?lang=en_us成功
Info 2026-01-28 04:56:42 正在登录https://www.turnitin.com/login_page.asp?lang=en_us，账号为zihengwang@um.edu.mo,密码为：Wzh19970101&&
Info 2026-01-28 04:56:46 登录https://www.turnitin.com/login_page.asp?lang=en_us成功
Info 2026-01-28 04:58:06 正在登录https://www.turnitin.com/login_page.asp?lang=en_us，账号为zihengwang@um.edu.mo,密码为：Wzh19970101&&
Info 2026-01-28 04:58:10 登录https://www.turnitin.com/login_page.asp?lang=en_us成功
Info 2026-01-28 04:59:29 正在登录https://www.turnitin.com/login_page.asp?lang=en_us，账号为zihengwang@um.edu.mo,密码为：Wzh19970101&&
Info 2026-01-28 04:59:34 登录https://www.turnitin.com/login_page.asp?lang=en_us成功
Info 2026-01-28 05:00:53 正在登录https://www.turnitin.com/login_page.asp?lang=en_us，账号为zihengwang@um.edu.mo,密码为：Wzh19970101&&
Info 2026-01-28 05:00:58 登录https://www.turnitin.com/login_page.asp?lang=en_us成功
Info 2026-01-28 05:02:19 正在登录https://www.turnitin.com/login_page.asp?lang=en_us，账号为zihengwang@um.edu.mo,密码为：Wzh19970101&&
Info 2026-01-28 05:02:24 登录https://www.turnitin.com/login_page.asp?lang=en_us成功
Info 2026-01-28 05:05:04 正在登录https://www.turnitin.com/login_page.asp?lang=en_us，账号为zihengwang@um.edu.mo,密码为：Wzh19970101&&
Info 2026-01-28 05:05:15 登录https://www.turnitin.com/login_page.asp?lang=en_us成功
Info 2026-01-28 05:06:33 正在登录https://www.turnitin.com/login_page.asp?lang=en_us，账号为zihengwang@um.edu.mo,密码为：Wzh19970101&&
Info 2026-01-28 05:06:37 登录https://www.turnitin.com/login_page.asp?lang=en_us成功
Info 2026-01-28 05:07:57 正在登录https://www.turnitin.com/login_page.asp?lang=en_us，账号为zihengwang@um.edu.mo,密码为：Wzh19970101&&
Info 2026-01-28 05:08:00 登录https://www.turnitin.com/login_page.asp?lang=en_us成功
Info 2026-01-28 05:09:18 正在登录https://www.turnitin.com/login_page.asp?lang=en_us，账号为zihengwang@um.edu.mo,密码为：Wzh19970101&&
Info 2026-01-28 05:09:23 登录https://www.turnitin.com/login_page.asp?lang=en_us成功
Info 2026-01-28 05:12:07 正在登录https://www.turnitin.com/login_page.asp?lang=en_us，账号为zihengwang@um.edu.mo,密码为：Wzh19970101&&
Info 2026-01-28 05:13:42 登录https://www.turnitin.com/login_page.asp?lang=en_us成功
Info 2026-01-28 05:15:01 正在登录https://www.turnitin.com/login_page.asp?lang=en_us，账号为zihengwang@um.edu.mo,密码为：Wzh19970101&&
Info 2026-01-28 05:15:05 登录https://www.turnitin.com/login_page.asp?lang=en_us成功
Info 2026-01-28 05:16:25 正在登录https://www.turnitin.com/login_page.asp?lang=en_us，账号为zihengwang@um.edu.mo,密码为：Wzh19970101&&
Info 2026-01-28 05:16:27 登录https://www.turnitin.com/login_page.asp?lang=en_us成功
Info 2026-01-28 05:17:46 正在登录https://www.turnitin.com/login_page.asp?lang=en_us，账号为zihengwang@um.edu.mo,密码为：Wzh19970101&&
Info 2026-01-28 05:17:57 登录https://www.turnitin.com/login_page.asp?lang=en_us成功
Info 2026-01-28 05:19:16 正在登录https://www.turnitin.com/login_page.asp?lang=en_us，账号为zihengwang@um.edu.mo,密码为：Wzh19970101&&
Info 2026-01-28 05:19:18 登录https://www.turnitin.com/login_page.asp?lang=en_us成功
Info 2026-01-28 05:20:37 正在登录https://www.turnitin.com/login_page.asp?lang=en_us，账号为zihengwang@um.edu.mo,密码为：Wzh19970101&&
Info 2026-01-28 05:20:39 登录https://www.turnitin.com/login_page.asp?lang=en_us成功
Info 2026-01-28 05:21:58 正在登录https://www.turnitin.com/login_page.asp?lang=en_us，账号为zihengwang@um.edu.mo,密码为：Wzh19970101&&
Info 2026-01-28 05:22:03 登录https://www.turnitin.com/login_page.asp?lang=en_us成功
Info 2026-01-28 05:23:21 正在登录https://www.turnitin.com/login_page.asp?lang=en_us，账号为zihengwang@um.edu.mo,密码为：Wzh19970101&&
Info 2026-01-28 05:23:26 登录https://www.turnitin.com/login_page.asp?lang=en_us成功
Info 2026-01-28 05:26:09 正在登录https://www.turnitin.com/login_page.asp?lang=en_us，账号为zihengwang@um.edu.mo,密码为：Wzh19970101&&
Info 2026-01-28 05:26:18 登录https://www.turnitin.com/login_page.asp?lang=en_us成功
Info 2026-01-28 05:27:37 正在登录https://www.turnitin.com/login_page.asp?lang=en_us，账号为zihengwang@um.edu.mo,密码为：Wzh19970101&&
Info 2026-01-28 05:27:43 登录https://www.turnitin.com/login_page.asp?lang=en_us成功
Info 2026-01-28 05:29:04 正在登录https://www.turnitin.com/login_page.asp?lang=en_us，账号为zihengwang@um.edu.mo,密码为：Wzh19970101&&
Info 2026-01-28 05:29:09 登录https://www.turnitin.com/login_page.asp?lang=en_us成功
Info 2026-01-28 05:30:30 正在登录https://www.turnitin.com/login_page.asp?lang=en_us，账号为zihengwang@um.edu.mo,密码为：Wzh19970101&&
Info 2026-01-28 05:30:33 登录https://www.turnitin.com/login_page.asp?lang=en_us成功
Info 2026-01-28 05:31:51 正在登录https://www.turnitin.com/login_page.asp?lang=en_us，账号为zihengwang@um.edu.mo,密码为：Wzh19970101&&
Info 2026-01-28 05:31:58 登录https://www.turnitin.com/login_page.asp?lang=en_us成功
Info 2026-01-28 05:33:18 正在登录https://www.turnitin.com/login_page.asp?lang=en_us，账号为zihengwang@um.edu.mo,密码为：Wzh19970101&&
Info 2026-01-28 05:33:24 登录https://www.turnitin.com/login_page.asp?lang=en_us成功
Info 2026-01-28 05:34:46 正在登录https://www.turnitin.com/login_page.asp?lang=en_us，账号为zihengwang@um.edu.mo,密码为：Wzh19970101&&
Info 2026-01-28 05:34:49 登录https://www.turnitin.com/login_page.asp?lang=en_us成功
Info 2026-01-28 05:36:09 正在登录https://www.turnitin.com/login_page.asp?lang=en_us，账号为zihengwang@um.edu.mo,密码为：Wzh19970101&&
Info 2026-01-28 05:36:14 登录https://www.turnitin.com/login_page.asp?lang=en_us成功
Info 2026-01-28 05:37:32 正在登录https://www.turnitin.com/login_page.asp?lang=en_us，账号为zihengwang@um.edu.mo,密码为：Wzh19970101&&
Info 2026-01-28 05:37:34 登录https://www.turnitin.com/login_page.asp?lang=en_us成功
Info 2026-01-28 05:38:53 正在登录https://www.turnitin.com/login_page.asp?lang=en_us，账号为zihengwang@um.edu.mo,密码为：Wzh19970101&&
Info 2026-01-28 05:38:57 登录https://www.turnitin.com/login_page.asp?lang=en_us成功
Info 2026-01-28 05:40:15 正在登录https://www.turnitin.com/login_page.asp?lang=en_us，账号为zihengwang@um.edu.mo,密码为：Wzh19970101&&
Info 2026-01-28 05:40:21 登录https://www.turnitin.com/login_page.asp?lang=en_us成功
Info 2026-01-28 05:41:42 正在登录https://www.turnitin.com/login_page.asp?lang=en_us，账号为zihengwang@um.edu.mo,密码为：Wzh19970101&&
Info 2026-01-28 05:41:46 登录https://www.turnitin.com/login_page.asp?lang=en_us成功
Info 2026-01-28 05:43:05 正在登录https://www.turnitin.com/login_page.asp?lang=en_us，账号为zihengwang@um.edu.mo,密码为：Wzh19970101&&
Info 2026-01-28 05:43:09 登录https://www.turnitin.com/login_page.asp?lang=en_us成功
Info 2026-01-28 05:44:27 正在登录https://www.turnitin.com/login_page.asp?lang=en_us，账号为zihengwang@um.edu.mo,密码为：Wzh19970101&&
Info 2026-01-28 05:44:36 登录https://www.turnitin.com/login_page.asp?lang=en_us成功
Info 2026-01-28 05:45:56 正在登录https://www.turnitin.com/login_page.asp?lang=en_us，账号为zihengwang@um.edu.mo,密码为：Wzh19970101&&
Info 2026-01-28 05:46:00 登录https://www.turnitin.com/login_page.asp?lang=en_us成功
Info 2026-01-28 05:47:20 正在登录https://www.turnitin.com/login_page.asp?lang=en_us，账号为zihengwang@um.edu.mo,密码为：Wzh19970101&&
Info 2026-01-28 05:47:29 登录https://www.turnitin.com/login_page.asp?lang=en_us成功
Info 2026-01-28 05:48:48 正在登录https://www.turnitin.com/login_page.asp?lang=en_us，账号为zihengwang@um.edu.mo,密码为：Wzh19970101&&
Info 2026-01-28 05:48:52 登录https://www.turnitin.com/login_page.asp?lang=en_us成功
Info 2026-01-28 05:50:12 正在登录https://www.turnitin.com/login_page.asp?lang=en_us，账号为zihengwang@um.edu.mo,密码为：Wzh19970101&&
Info 2026-01-28 05:50:19 登录https://www.turnitin.com/login_page.asp?lang=en_us成功
Info 2026-01-28 05:52:58 正在登录https://www.turnitin.com/login_page.asp?lang=en_us，账号为zihengwang@um.edu.mo,密码为：Wzh19970101&&
Info 2026-01-28 05:54:26 登录https://www.turnitin.com/login_page.asp?lang=en_us成功
Info 2026-01-28 05:55:47 正在登录https://www.turnitin.com/login_page.asp?lang=en_us，账号为zihengwang@um.edu.mo,密码为：Wzh19970101&&
Info 2026-01-28 05:55:52 登录https://www.turnitin.com/login_page.asp?lang=en_us成功
Info 2026-01-28 05:57:11 正在登录https://www.turnitin.com/login_page.asp?lang=en_us，账号为zihengwang@um.edu.mo,密码为：Wzh19970101&&
Info 2026-01-28 05:57:15 登录https://www.turnitin.com/login_page.asp?lang=en_us成功
Info 2026-01-28 05:58:34 正在登录https://www.turnitin.com/login_page.asp?lang=en_us，账号为zihengwang@um.edu.mo,密码为：Wzh19970101&&
Info 2026-01-28 05:58:43 登录https://www.turnitin.com/login_page.asp?lang=en_us成功
Info 2026-01-28 06:00:02 正在登录https://www.turnitin.com/login_page.asp?lang=en_us，账号为zihengwang@um.edu.mo,密码为：Wzh19970101&&
Info 2026-01-28 06:00:05 登录https://www.turnitin.com/login_page.asp?lang=en_us成功
Info 2026-01-28 06:01:24 正在登录https://www.turnitin.com/login_page.asp?lang=en_us，账号为zihengwang@um.edu.mo,密码为：Wzh19970101&&
Info 2026-01-28 06:01:29 登录https://www.turnitin.com/login_page.asp?lang=en_us成功
Info 2026-01-28 06:02:48 正在登录https://www.turnitin.com/login_page.asp?lang=en_us，账号为zihengwang@um.edu.mo,密码为：Wzh19970101&&
Info 2026-01-28 06:02:50 登录https://www.turnitin.com/login_page.asp?lang=en_us成功
Info 2026-01-28 06:04:08 正在登录https://www.turnitin.com/login_page.asp?lang=en_us，账号为zihengwang@um.edu.mo,密码为：Wzh19970101&&
Info 2026-01-28 06:04:14 登录https://www.turnitin.com/login_page.asp?lang=en_us成功
Info 2026-01-28 06:06:54 正在登录https://www.turnitin.com/login_page.asp?lang=en_us，账号为zihengwang@um.edu.mo,密码为：Wzh19970101&&
Info 2026-01-28 06:07:02 登录https://www.turnitin.com/login_page.asp?lang=en_us成功
Info 2026-01-28 06:08:20 正在登录https://www.turnitin.com/login_page.asp?lang=en_us，账号为zihengwang@um.edu.mo,密码为：Wzh19970101&&
Info 2026-01-28 06:08:25 登录https://www.turnitin.com/login_page.asp?lang=en_us成功
Info 2026-01-28 06:09:43 正在登录https://www.turnitin.com/login_page.asp?lang=en_us，账号为zihengwang@um.edu.mo,密码为：Wzh19970101&&
Info 2026-01-28 06:09:48 登录https://www.turnitin.com/login_page.asp?lang=en_us成功
Info 2026-01-28 06:11:06 正在登录https://www.turnitin.com/login_page.asp?lang=en_us，账号为zihengwang@um.edu.mo,密码为：Wzh19970101&&
Info 2026-01-28 06:11:11 登录https://www.turnitin.com/login_page.asp?lang=en_us成功
Info 2026-01-28 06:12:29 正在登录https://www.turnitin.com/login_page.asp?lang=en_us，账号为zihengwang@um.edu.mo,密码为：Wzh19970101&&
Info 2026-01-28 06:12:32 登录https://www.turnitin.com/login_page.asp?lang=en_us成功
Info 2026-01-28 06:14:12 正在登录https://www.turnitin.com/login_page.asp?lang=en_us，账号为zihengwang@um.edu.mo,密码为：Wzh19970101&&
Info 2026-01-28 06:14:16 登录https://www.turnitin.com/login_page.asp?lang=en_us成功
Info 2026-01-28 06:15:35 正在登录https://www.turnitin.com/login_page.asp?lang=en_us，账号为zihengwang@um.edu.mo,密码为：Wzh19970101&&
Info 2026-01-28 06:15:40 登录https://www.turnitin.com/login_page.asp?lang=en_us成功
Info 2026-01-28 06:16:59 正在登录https://www.turnitin.com/login_page.asp?lang=en_us，账号为zihengwang@um.edu.mo,密码为：Wzh19970101&&
Info 2026-01-28 06:17:03 登录https://www.turnitin.com/login_page.asp?lang=en_us成功
Info 2026-01-28 06:18:23 正在登录https://www.turnitin.com/login_page.asp?lang=en_us，账号为zihengwang@um.edu.mo,密码为：Wzh19970101&&
Info 2026-01-28 06:18:26 登录https://www.turnitin.com/login_page.asp?lang=en_us成功
Info 2026-01-28 06:19:44 正在登录https://www.turnitin.com/login_page.asp?lang=en_us，账号为zihengwang@um.edu.mo,密码为：Wzh19970101&&
Info 2026-01-28 06:20:10 登录https://www.turnitin.com/login_page.asp?lang=en_us成功
Info 2026-01-28 06:21:51 正在登录https://www.turnitin.com/login_page.asp?lang=en_us，账号为zihengwang@um.edu.mo,密码为：Wzh19970101&&
Info 2026-01-28 06:21:56 登录https://www.turnitin.com/login_page.asp?lang=en_us成功
Info 2026-01-28 06:23:14 正在登录https://www.turnitin.com/login_page.asp?lang=en_us，账号为zihengwang@um.edu.mo,密码为：Wzh19970101&&
Info 2026-01-28 06:23:18 登录https://www.turnitin.com/login_page.asp?lang=en_us成功
Info 2026-01-28 06:24:37 正在登录https://www.turnitin.com/login_page.asp?lang=en_us，账号为zihengwang@um.edu.mo,密码为：Wzh19970101&&
Info 2026-01-28 06:24:46 登录https://www.turnitin.com/login_page.asp?lang=en_us成功
Info 2026-01-28 06:26:06 正在登录https://www.turnitin.com/login_page.asp?lang=en_us，账号为zihengwang@um.edu.mo,密码为：Wzh19970101&&
Info 2026-01-28 06:26:10 登录https://www.turnitin.com/login_page.asp?lang=en_us成功
Info 2026-01-28 06:27:29 正在登录https://www.turnitin.com/login_page.asp?lang=en_us，账号为zihengwang@um.edu.mo,密码为：Wzh19970101&&
Info 2026-01-28 06:27:34 登录https://www.turnitin.com/login_page.asp?lang=en_us成功
Info 2026-01-28 06:28:52 正在登录https://www.turnitin.com/login_page.asp?lang=en_us，账号为zihengwang@um.edu.mo,密码为：Wzh19970101&&
Info 2026-01-28 06:28:57 登录https://www.turnitin.com/login_page.asp?lang=en_us成功
Info 2026-01-28 06:30:17 正在登录https://www.turnitin.com/login_page.asp?lang=en_us，账号为zihengwang@um.edu.mo,密码为：Wzh19970101&&
Info 2026-01-28 06:30:21 登录https://www.turnitin.com/login_page.asp?lang=en_us成功
Info 2026-01-28 06:31:39 正在登录https://www.turnitin.com/login_page.asp?lang=en_us，账号为zihengwang@um.edu.mo,密码为：Wzh19970101&&
Info 2026-01-28 06:31:45 登录https://www.turnitin.com/login_page.asp?lang=en_us成功
Info 2026-01-28 06:33:08 正在登录https://www.turnitin.com/login_page.asp?lang=en_us，账号为zihengwang@um.edu.mo,密码为：Wzh19970101&&
Info 2026-01-28 06:33:12 登录https://www.turnitin.com/login_page.asp?lang=en_us成功
Info 2026-01-28 06:34:31 正在登录https://www.turnitin.com/login_page.asp?lang=en_us，账号为zihengwang@um.edu.mo,密码为：Wzh19970101&&
Info 2026-01-28 06:34:36 登录https://www.turnitin.com/login_page.asp?lang=en_us成功
Info 2026-01-28 06:37:17 正在登录https://www.turnitin.com/login_page.asp?lang=en_us，账号为zihengwang@um.edu.mo,密码为：Wzh19970101&&
Info 2026-01-28 06:38:46 登录https://www.turnitin.com/login_page.asp?lang=en_us成功
Info 2026-01-28 06:40:06 正在登录https://www.turnitin.com/login_page.asp?lang=en_us，账号为zihengwang@um.edu.mo,密码为：Wzh19970101&&
Info 2026-01-28 06:40:11 登录https://www.turnitin.com/login_page.asp?lang=en_us成功
Info 2026-01-28 06:41:31 正在登录https://www.turnitin.com/login_page.asp?lang=en_us，账号为zihengwang@um.edu.mo,密码为：Wzh19970101&&
Info 2026-01-28 06:41:38 登录https://www.turnitin.com/login_page.asp?lang=en_us成功
Info 2026-01-28 06:42:57 正在登录https://www.turnitin.com/login_page.asp?lang=en_us，账号为zihengwang@um.edu.mo,密码为：Wzh19970101&&
Info 2026-01-28 06:43:01 登录https://www.turnitin.com/login_page.asp?lang=en_us成功
Info 2026-01-28 06:44:20 正在登录https://www.turnitin.com/login_page.asp?lang=en_us，账号为zihengwang@um.edu.mo,密码为：Wzh19970101&&
Info 2026-01-28 06:44:25 登录https://www.turnitin.com/login_page.asp?lang=en_us成功
Info 2026-01-28 06:47:05 正在登录https://www.turnitin.com/login_page.asp?lang=en_us，账号为zihengwang@um.edu.mo,密码为：Wzh19970101&&
Info 2026-01-28 06:47:12 登录https://www.turnitin.com/login_page.asp?lang=en_us成功
Info 2026-01-28 06:48:32 正在登录https://www.turnitin.com/login_page.asp?lang=en_us，账号为zihengwang@um.edu.mo,密码为：Wzh19970101&&
Info 2026-01-28 06:48:40 登录https://www.turnitin.com/login_page.asp?lang=en_us成功
Info 2026-01-28 06:50:00 正在登录https://www.turnitin.com/login_page.asp?lang=en_us，账号为zihengwang@um.edu.mo,密码为：Wzh19970101&&
Info 2026-01-28 06:50:04 登录https://www.turnitin.com/login_page.asp?lang=en_us成功
Info 2026-01-28 06:51:22 正在登录https://www.turnitin.com/login_page.asp?lang=en_us，账号为zihengwang@um.edu.mo,密码为：Wzh19970101&&
Info 2026-01-28 06:51:27 登录https://www.turnitin.com/login_page.asp?lang=en_us成功
Info 2026-01-28 06:54:11 正在登录https://www.turnitin.com/login_page.asp?lang=en_us，账号为zihengwang@um.edu.mo,密码为：Wzh19970101&&
Info 2026-01-28 06:54:16 登录https://www.turnitin.com/login_page.asp?lang=en_us成功
Info 2026-01-28 06:55:36 正在登录https://www.turnitin.com/login_page.asp?lang=en_us，账号为zihengwang@um.edu.mo,密码为：Wzh19970101&&
Info 2026-01-28 06:55:41 登录https://www.turnitin.com/login_page.asp?lang=en_us成功
Info 2026-01-28 06:56:59 正在登录https://www.turnitin.com/login_page.asp?lang=en_us，账号为zihengwang@um.edu.mo,密码为：Wzh19970101&&
Info 2026-01-28 06:57:04 登录https://www.turnitin.com/login_page.asp?lang=en_us成功
Info 2026-01-28 06:57:25 尝试获取旧版页面标签
Info 2026-01-28 06:57:25 尝试获取新版页面标签
Info 2026-01-28 06:57:25 获取新版标签，开始下载相似度报告
Info 2026-01-28 06:57:26 模拟执行下载按钮点击，让其弹出下载列表
Info 2026-01-28 06:57:31 模拟执行下载报告，等待下载
Info 2026-01-28 06:57:46 下载报告成功,并保存至指定目录：C:\Users\Administrator
Info 2026-01-28 06:57:51 获取新版标签，开始下载AI率报告
Info 2026-01-28 06:57:51 模拟执行下载按钮点击，让其弹出下载列表
Info 2026-01-28 06:57:56 模拟执行下载报告，等待下载
Info 2026-01-28 06:58:06 下载报告成功,并保存至指定目录：C:\Users\Administrator
 2026-01-28 06:58:06 {"msg":"","code":0,"data":{"src":"checkpapers-2026-01-27-IaXc6X32697942fecee3d.pdf","title":""}}
Info 2026-01-28 07:00:48 正在登录https://www.turnitin.com/login_page.asp?lang=en_us，账号为zihengwang@um.edu.mo,密码为：Wzh19970101&&
Info 2026-01-28 07:02:16 登录https://www.turnitin.com/login_page.asp?lang=en_us成功
Info 2026-01-28 07:03:36 正在登录https://www.turnitin.com/login_page.asp?lang=en_us，账号为zihengwang@um.edu.mo,密码为：Wzh19970101&&
Info 2026-01-28 07:03:41 登录https://www.turnitin.com/login_page.asp?lang=en_us成功
Info 2026-01-28 07:05:01 正在登录https://www.turnitin.com/login_page.asp?lang=en_us，账号为zihengwang@um.edu.mo,密码为：Wzh19970101&&
Info 2026-01-28 07:05:04 登录https://www.turnitin.com/login_page.asp?lang=en_us成功
Info 2026-01-28 07:06:20 正在登录https://www.turnitin.com/login_page.asp?lang=en_us，账号为zihengwang@um.edu.mo,密码为：Wzh19970101&&
Info 2026-01-28 07:06:22 登录https://www.turnitin.com/login_page.asp?lang=en_us成功
Info 2026-01-28 07:07:43 正在登录https://www.turnitin.com/login_page.asp?lang=en_us，账号为zihengwang@um.edu.mo,密码为：Wzh19970101&&
Info 2026-01-28 07:07:45 登录https://www.turnitin.com/login_page.asp?lang=en_us成功
Info 2026-01-28 07:10:27 正在登录https://www.turnitin.com/login_page.asp?lang=en_us，账号为zihengwang@um.edu.mo,密码为：Wzh19970101&&
Info 2026-01-28 07:11:55 登录https://www.turnitin.com/login_page.asp?lang=en_us成功
Info 2026-01-28 07:14:37 正在登录https://www.turnitin.com/login_page.asp?lang=en_us，账号为zihengwang@um.edu.mo,密码为：Wzh19970101&&
Info 2026-01-28 07:14:40 登录https://www.turnitin.com/login_page.asp?lang=en_us成功
Info 2026-01-28 07:15:59 正在登录https://www.turnitin.com/login_page.asp?lang=en_us，账号为zihengwang@um.edu.mo,密码为：Wzh19970101&&
Info 2026-01-28 07:16:04 登录https://www.turnitin.com/login_page.asp?lang=en_us成功
Info 2026-01-28 07:17:24 正在登录https://www.turnitin.com/login_page.asp?lang=en_us，账号为zihengwang@um.edu.mo,密码为：Wzh19970101&&
Info 2026-01-28 07:17:29 登录https://www.turnitin.com/login_page.asp?lang=en_us成功
Info 2026-01-28 07:18:48 正在登录https://www.turnitin.com/login_page.asp?lang=en_us，账号为zihengwang@um.edu.mo,密码为：Wzh19970101&&
Info 2026-01-28 07:18:53 登录https://www.turnitin.com/login_page.asp?lang=en_us成功
Info 2026-01-28 07:20:11 正在登录https://www.turnitin.com/login_page.asp?lang=en_us，账号为zihengwang@um.edu.mo,密码为：Wzh19970101&&
Info 2026-01-28 07:20:15 登录https://www.turnitin.com/login_page.asp?lang=en_us成功
Info 2026-01-28 07:21:33 正在登录https://www.turnitin.com/login_page.asp?lang=en_us，账号为zihengwang@um.edu.mo,密码为：Wzh19970101&&
Info 2026-01-28 07:21:38 登录https://www.turnitin.com/login_page.asp?lang=en_us成功
Info 2026-01-28 07:22:57 正在登录https://www.turnitin.com/login_page.asp?lang=en_us，账号为zihengwang@um.edu.mo,密码为：Wzh19970101&&
Info 2026-01-28 07:23:02 登录https://www.turnitin.com/login_page.asp?lang=en_us成功
Info 2026-01-28 07:24:20 正在登录https://www.turnitin.com/login_page.asp?lang=en_us，账号为zihengwang@um.edu.mo,密码为：Wzh19970101&&
Info 2026-01-28 07:24:23 登录https://www.turnitin.com/login_page.asp?lang=en_us成功
Info 2026-01-28 07:25:41 正在登录https://www.turnitin.com/login_page.asp?lang=en_us，账号为zihengwang@um.edu.mo,密码为：Wzh19970101&&
Info 2026-01-28 07:25:44 登录https://www.turnitin.com/login_page.asp?lang=en_us成功
Info 2026-01-28 07:27:02 正在登录https://www.turnitin.com/login_page.asp?lang=en_us，账号为zihengwang@um.edu.mo,密码为：Wzh19970101&&
Info 2026-01-28 07:27:04 登录https://www.turnitin.com/login_page.asp?lang=en_us成功
Info 2026-01-28 07:29:45 正在登录https://www.turnitin.com/login_page.asp?lang=en_us，账号为zihengwang@um.edu.mo,密码为：Wzh19970101&&
Info 2026-01-28 07:29:48 登录https://www.turnitin.com/login_page.asp?lang=en_us成功
Info 2026-01-28 07:31:08 正在登录https://www.turnitin.com/login_page.asp?lang=en_us，账号为zihengwang@um.edu.mo,密码为：Wzh19970101&&
Info 2026-01-28 07:31:15 登录https://www.turnitin.com/login_page.asp?lang=en_us成功
Info 2026-01-28 07:32:36 正在登录https://www.turnitin.com/login_page.asp?lang=en_us，账号为zihengwang@um.edu.mo,密码为：Wzh19970101&&
Info 2026-01-28 07:32:40 登录https://www.turnitin.com/login_page.asp?lang=en_us成功
Info 2026-01-28 07:33:59 正在登录https://www.turnitin.com/login_page.asp?lang=en_us，账号为zihengwang@um.edu.mo,密码为：Wzh19970101&&
Info 2026-01-28 07:34:03 登录https://www.turnitin.com/login_page.asp?lang=en_us成功
Info 2026-01-28 07:35:23 正在登录https://www.turnitin.com/login_page.asp?lang=en_us，账号为zihengwang@um.edu.mo,密码为：Wzh19970101&&
Info 2026-01-28 07:35:28 登录https://www.turnitin.com/login_page.asp?lang=en_us成功
Info 2026-01-28 07:36:46 正在登录https://www.turnitin.com/login_page.asp?lang=en_us，账号为zihengwang@um.edu.mo,密码为：Wzh19970101&&
Info 2026-01-28 07:36:51 登录https://www.turnitin.com/login_page.asp?lang=en_us成功
Info 2026-01-28 07:38:16 正在登录https://www.turnitin.com/login_page.asp?lang=en_us，账号为zihengwang@um.edu.mo,密码为：Wzh19970101&&
Info 2026-01-28 07:38:25 登录https://www.turnitin.com/login_page.asp?lang=en_us成功
Info 2026-01-28 07:39:44 正在登录https://www.turnitin.com/login_page.asp?lang=en_us，账号为zihengwang@um.edu.mo,密码为：Wzh19970101&&
Info 2026-01-28 07:39:48 登录https://www.turnitin.com/login_page.asp?lang=en_us成功
Info 2026-01-28 07:41:07 正在登录https://www.turnitin.com/login_page.asp?lang=en_us，账号为zihengwang@um.edu.mo,密码为：Wzh19970101&&
Info 2026-01-28 07:41:20 登录https://www.turnitin.com/login_page.asp?lang=en_us成功
Info 2026-01-28 07:42:38 正在登录https://www.turnitin.com/login_page.asp?lang=en_us，账号为zihengwang@um.edu.mo,密码为：Wzh19970101&&
Info 2026-01-28 07:42:44 登录https://www.turnitin.com/login_page.asp?lang=en_us成功
Info 2026-01-28 07:44:02 正在登录https://www.turnitin.com/login_page.asp?lang=en_us，账号为zihengwang@um.edu.mo,密码为：Wzh19970101&&
Info 2026-01-28 07:44:11 登录https://www.turnitin.com/login_page.asp?lang=en_us成功
Info 2026-01-28 07:45:30 正在登录https://www.turnitin.com/login_page.asp?lang=en_us，账号为zihengwang@um.edu.mo,密码为：Wzh19970101&&
Info 2026-01-28 07:45:33 登录https://www.turnitin.com/login_page.asp?lang=en_us成功
Info 2026-01-28 07:46:52 正在登录https://www.turnitin.com/login_page.asp?lang=en_us，账号为zihengwang@um.edu.mo,密码为：Wzh19970101&&
Info 2026-01-28 07:46:55 登录https://www.turnitin.com/login_page.asp?lang=en_us成功
Info 2026-01-28 07:48:15 正在登录https://www.turnitin.com/login_page.asp?lang=en_us，账号为zihengwang@um.edu.mo,密码为：Wzh19970101&&
Info 2026-01-28 07:48:20 登录https://www.turnitin.com/login_page.asp?lang=en_us成功
Info 2026-01-28 07:49:38 正在登录https://www.turnitin.com/login_page.asp?lang=en_us，账号为zihengwang@um.edu.mo,密码为：Wzh19970101&&
Info 2026-01-28 07:49:43 登录https://www.turnitin.com/login_page.asp?lang=en_us成功
Info 2026-01-28 07:51:01 正在登录https://www.turnitin.com/login_page.asp?lang=en_us，账号为zihengwang@um.edu.mo,密码为：Wzh19970101&&
Info 2026-01-28 07:51:06 登录https://www.turnitin.com/login_page.asp?lang=en_us成功
Info 2026-01-28 07:52:31 正在登录https://www.turnitin.com/login_page.asp?lang=en_us，账号为zihengwang@um.edu.mo,密码为：Wzh19970101&&
Info 2026-01-28 07:52:36 登录https://www.turnitin.com/login_page.asp?lang=en_us成功
Info 2026-01-28 07:54:00 正在登录https://www.turnitin.com/login_page.asp?lang=en_us，账号为zihengwang@um.edu.mo,密码为：Wzh19970101&&
Info 2026-01-28 07:54:05 登录https://www.turnitin.com/login_page.asp?lang=en_us成功
Info 2026-01-28 07:55:23 正在登录https://www.turnitin.com/login_page.asp?lang=en_us，账号为zihengwang@um.edu.mo,密码为：Wzh19970101&&
Info 2026-01-28 07:55:28 登录https://www.turnitin.com/login_page.asp?lang=en_us成功
Info 2026-01-28 07:56:46 正在登录https://www.turnitin.com/login_page.asp?lang=en_us，账号为zihengwang@um.edu.mo,密码为：Wzh19970101&&
Info 2026-01-28 07:56:50 登录https://www.turnitin.com/login_page.asp?lang=en_us成功
Info 2026-01-28 07:58:09 正在登录https://www.turnitin.com/login_page.asp?lang=en_us，账号为zihengwang@um.edu.mo,密码为：Wzh19970101&&
Info 2026-01-28 07:58:13 登录https://www.turnitin.com/login_page.asp?lang=en_us成功
Info 2026-01-28 07:59:37 正在登录https://www.turnitin.com/login_page.asp?lang=en_us，账号为zihengwang@um.edu.mo,密码为：Wzh19970101&&
Info 2026-01-28 07:59:41 登录https://www.turnitin.com/login_page.asp?lang=en_us成功
Info 2026-01-28 08:01:00 正在登录https://www.turnitin.com/login_page.asp?lang=en_us，账号为zihengwang@um.edu.mo,密码为：Wzh19970101&&
Info 2026-01-28 08:01:11 登录https://www.turnitin.com/login_page.asp?lang=en_us成功
Info 2026-01-28 08:02:28 正在登录https://www.turnitin.com/login_page.asp?lang=en_us，账号为zihengwang@um.edu.mo,密码为：Wzh19970101&&
Info 2026-01-28 08:02:33 登录https://www.turnitin.com/login_page.asp?lang=en_us成功
Info 2026-01-28 08:03:51 正在登录https://www.turnitin.com/login_page.asp?lang=en_us，账号为zihengwang@um.edu.mo,密码为：Wzh19970101&&
Info 2026-01-28 08:03:59 登录https://www.turnitin.com/login_page.asp?lang=en_us成功
Info 2026-01-28 08:05:18 正在登录https://www.turnitin.com/login_page.asp?lang=en_us，账号为zihengwang@um.edu.mo,密码为：Wzh19970101&&
Info 2026-01-28 08:05:21 登录https://www.turnitin.com/login_page.asp?lang=en_us成功
Info 2026-01-28 08:06:40 正在登录https://www.turnitin.com/login_page.asp?lang=en_us，账号为zihengwang@um.edu.mo,密码为：Wzh19970101&&
Info 2026-01-28 08:06:48 登录https://www.turnitin.com/login_page.asp?lang=en_us成功
Info 2026-01-28 08:08:08 正在登录https://www.turnitin.com/login_page.asp?lang=en_us，账号为zihengwang@um.edu.mo,密码为：Wzh19970101&&
Info 2026-01-28 08:08:13 登录https://www.turnitin.com/login_page.asp?lang=en_us成功
Info 2026-01-28 08:09:31 正在登录https://www.turnitin.com/login_page.asp?lang=en_us，账号为zihengwang@um.edu.mo,密码为：Wzh19970101&&
Info 2026-01-28 08:09:36 登录https://www.turnitin.com/login_page.asp?lang=en_us成功
Info 2026-01-28 08:10:54 正在登录https://www.turnitin.com/login_page.asp?lang=en_us，账号为zihengwang@um.edu.mo,密码为：Wzh19970101&&
Info 2026-01-28 08:11:04 登录https://www.turnitin.com/login_page.asp?lang=en_us成功
Info 2026-01-28 08:12:23 正在登录https://www.turnitin.com/login_page.asp?lang=en_us，账号为zihengwang@um.edu.mo,密码为：Wzh19970101&&
Info 2026-01-28 08:12:27 登录https://www.turnitin.com/login_page.asp?lang=en_us成功
Info 2026-01-28 08:13:46 正在登录https://www.turnitin.com/login_page.asp?lang=en_us，账号为zihengwang@um.edu.mo,密码为：Wzh19970101&&
Info 2026-01-28 08:13:50 登录https://www.turnitin.com/login_page.asp?lang=en_us成功
Info 2026-01-28 08:15:09 正在登录https://www.turnitin.com/login_page.asp?lang=en_us，账号为zihengwang@um.edu.mo,密码为：Wzh19970101&&
Info 2026-01-28 08:15:13 登录https://www.turnitin.com/login_page.asp?lang=en_us成功
Info 2026-01-28 08:16:32 正在登录https://www.turnitin.com/login_page.asp?lang=en_us，账号为zihengwang@um.edu.mo,密码为：Wzh19970101&&
Info 2026-01-28 08:16:36 登录https://www.turnitin.com/login_page.asp?lang=en_us成功
Info 2026-01-28 08:17:55 正在登录https://www.turnitin.com/login_page.asp?lang=en_us，账号为zihengwang@um.edu.mo,密码为：Wzh19970101&&
Info 2026-01-28 08:17:59 登录https://www.turnitin.com/login_page.asp?lang=en_us成功
Info 2026-01-28 08:19:18 正在登录https://www.turnitin.com/login_page.asp?lang=en_us，账号为zihengwang@um.edu.mo,密码为：Wzh19970101&&
Info 2026-01-28 08:19:33 登录https://www.turnitin.com/login_page.asp?lang=en_us成功
Info 2026-01-28 08:20:54 正在登录https://www.turnitin.com/login_page.asp?lang=en_us，账号为zihengwang@um.edu.mo,密码为：Wzh19970101&&
Info 2026-01-28 08:20:59 登录https://www.turnitin.com/login_page.asp?lang=en_us成功
Info 2026-01-28 08:22:17 正在登录https://www.turnitin.com/login_page.asp?lang=en_us，账号为zihengwang@um.edu.mo,密码为：Wzh19970101&&
Info 2026-01-28 08:22:22 登录https://www.turnitin.com/login_page.asp?lang=en_us成功
Info 2026-01-28 08:23:42 正在登录https://www.turnitin.com/login_page.asp?lang=en_us，账号为zihengwang@um.edu.mo,密码为：Wzh19970101&&
Info 2026-01-28 08:23:47 登录https://www.turnitin.com/login_page.asp?lang=en_us成功
Info 2026-01-28 08:25:05 正在登录https://www.turnitin.com/login_page.asp?lang=en_us，账号为zihengwang@um.edu.mo,密码为：Wzh19970101&&
Info 2026-01-28 08:25:13 登录https://www.turnitin.com/login_page.asp?lang=en_us成功
Info 2026-01-28 08:27:53 正在登录https://www.turnitin.com/login_page.asp?lang=en_us，账号为zihengwang@um.edu.mo,密码为：Wzh19970101&&
Info 2026-01-28 08:29:20 登录https://www.turnitin.com/login_page.asp?lang=en_us成功
Info 2026-01-28 08:30:39 正在登录https://www.turnitin.com/login_page.asp?lang=en_us，账号为zihengwang@um.edu.mo,密码为：Wzh19970101&&
Info 2026-01-28 08:30:44 登录https://www.turnitin.com/login_page.asp?lang=en_us成功
Info 2026-01-28 08:32:03 正在登录https://www.turnitin.com/login_page.asp?lang=en_us，账号为zihengwang@um.edu.mo,密码为：Wzh19970101&&
Info 2026-01-28 08:32:05 登录https://www.turnitin.com/login_page.asp?lang=en_us成功
Info 2026-01-28 08:33:24 正在登录https://www.turnitin.com/login_page.asp?lang=en_us，账号为zihengwang@um.edu.mo,密码为：Wzh19970101&&
Info 2026-01-28 08:33:29 登录https://www.turnitin.com/login_page.asp?lang=en_us成功
Info 2026-01-28 08:34:48 正在登录https://www.turnitin.com/login_page.asp?lang=en_us，账号为zihengwang@um.edu.mo,密码为：Wzh19970101&&
Info 2026-01-28 08:34:52 登录https://www.turnitin.com/login_page.asp?lang=en_us成功
Info 2026-01-28 08:37:33 正在登录https://www.turnitin.com/login_page.asp?lang=en_us，账号为zihengwang@um.edu.mo,密码为：Wzh19970101&&
Info 2026-01-28 08:39:01 登录https://www.turnitin.com/login_page.asp?lang=en_us成功
Info 2026-01-28 08:40:25 正在登录https://www.turnitin.com/login_page.asp?lang=en_us，账号为zihengwang@um.edu.mo,密码为：Wzh19970101&&
Info 2026-01-28 08:40:27 登录https://www.turnitin.com/login_page.asp?lang=en_us成功
Info 2026-01-28 08:41:45 正在登录https://www.turnitin.com/login_page.asp?lang=en_us，账号为zihengwang@um.edu.mo,密码为：Wzh19970101&&
Info 2026-01-28 08:41:50 登录https://www.turnitin.com/login_page.asp?lang=en_us成功
Info 2026-01-28 08:43:09 正在登录https://www.turnitin.com/login_page.asp?lang=en_us，账号为zihengwang@um.edu.mo,密码为：Wzh19970101&&
Info 2026-01-28 08:43:16 登录https://www.turnitin.com/login_page.asp?lang=en_us成功
Info 2026-01-28 08:44:34 正在登录https://www.turnitin.com/login_page.asp?lang=en_us，账号为zihengwang@um.edu.mo,密码为：Wzh19970101&&
Info 2026-01-28 08:44:44 登录https://www.turnitin.com/login_page.asp?lang=en_us成功
Info 2026-01-28 08:47:28 正在登录https://www.turnitin.com/login_page.asp?lang=en_us，账号为zihengwang@um.edu.mo,密码为：Wzh19970101&&
Info 2026-01-28 08:47:33 登录https://www.turnitin.com/login_page.asp?lang=en_us成功
Info 2026-01-28 08:48:52 正在登录https://www.turnitin.com/login_page.asp?lang=en_us，账号为zihengwang@um.edu.mo,密码为：Wzh19970101&&
Info 2026-01-28 08:48:57 登录https://www.turnitin.com/login_page.asp?lang=en_us成功
Info 2026-01-28 08:50:15 正在登录https://www.turnitin.com/login_page.asp?lang=en_us，账号为zihengwang@um.edu.mo,密码为：Wzh19970101&&
Info 2026-01-28 08:50:20 登录https://www.turnitin.com/login_page.asp?lang=en_us成功
Info 2026-01-28 08:51:38 正在登录https://www.turnitin.com/login_page.asp?lang=en_us，账号为zihengwang@um.edu.mo,密码为：Wzh19970101&&
Info 2026-01-28 08:51:41 登录https://www.turnitin.com/login_page.asp?lang=en_us成功
Info 2026-01-28 08:52:59 正在登录https://www.turnitin.com/login_page.asp?lang=en_us，账号为zihengwang@um.edu.mo,密码为：Wzh19970101&&
Info 2026-01-28 08:53:04 登录https://www.turnitin.com/login_page.asp?lang=en_us成功
Info 2026-01-28 08:54:23 正在登录https://www.turnitin.com/login_page.asp?lang=en_us，账号为zihengwang@um.edu.mo,密码为：Wzh19970101&&
Info 2026-01-28 08:54:25 登录https://www.turnitin.com/login_page.asp?lang=en_us成功
Info 2026-01-28 08:55:49 正在登录https://www.turnitin.com/login_page.asp?lang=en_us，账号为zihengwang@um.edu.mo,密码为：Wzh19970101&&
Info 2026-01-28 08:55:58 登录https://www.turnitin.com/login_page.asp?lang=en_us成功
Info 2026-01-28 08:57:18 正在登录https://www.turnitin.com/login_page.asp?lang=en_us，账号为zihengwang@um.edu.mo,密码为：Wzh19970101&&
Info 2026-01-28 08:57:22 登录https://www.turnitin.com/login_page.asp?lang=en_us成功
Info 2026-01-28 08:58:40 正在登录https://www.turnitin.com/login_page.asp?lang=en_us，账号为zihengwang@um.edu.mo,密码为：Wzh19970101&&
Info 2026-01-28 08:58:45 登录https://www.turnitin.com/login_page.asp?lang=en_us成功
Info 2026-01-28 09:00:04 正在登录https://www.turnitin.com/login_page.asp?lang=en_us，账号为zihengwang@um.edu.mo,密码为：Wzh19970101&&
Info 2026-01-28 09:00:08 登录https://www.turnitin.com/login_page.asp?lang=en_us成功
Info 2026-01-28 09:01:27 正在登录https://www.turnitin.com/login_page.asp?lang=en_us，账号为zihengwang@um.edu.mo,密码为：Wzh19970101&&
Info 2026-01-28 09:01:31 登录https://www.turnitin.com/login_page.asp?lang=en_us成功
Info 2026-01-28 09:02:50 正在登录https://www.turnitin.com/login_page.asp?lang=en_us，账号为zihengwang@um.edu.mo,密码为：Wzh19970101&&
Info 2026-01-28 09:02:54 登录https://www.turnitin.com/login_page.asp?lang=en_us成功
Info 2026-01-28 09:04:13 正在登录https://www.turnitin.com/login_page.asp?lang=en_us，账号为zihengwang@um.edu.mo,密码为：Wzh19970101&&
Info 2026-01-28 09:04:17 登录https://www.turnitin.com/login_page.asp?lang=en_us成功
Info 2026-01-28 09:05:36 正在登录https://www.turnitin.com/login_page.asp?lang=en_us，账号为zihengwang@um.edu.mo,密码为：Wzh19970101&&
Info 2026-01-28 09:05:40 登录https://www.turnitin.com/login_page.asp?lang=en_us成功
Info 2026-01-28 09:06:59 正在登录https://www.turnitin.com/login_page.asp?lang=en_us，账号为zihengwang@um.edu.mo,密码为：Wzh19970101&&
Info 2026-01-28 09:07:04 登录https://www.turnitin.com/login_page.asp?lang=en_us成功
Info 2026-01-28 09:08:27 正在登录https://www.turnitin.com/login_page.asp?lang=en_us，账号为zihengwang@um.edu.mo,密码为：Wzh19970101&&
Info 2026-01-28 09:08:37 登录https://www.turnitin.com/login_page.asp?lang=en_us成功
Info 2026-01-28 09:09:57 正在登录https://www.turnitin.com/login_page.asp?lang=en_us，账号为zihengwang@um.edu.mo,密码为：Wzh19970101&&
Info 2026-01-28 09:10:02 登录https://www.turnitin.com/login_page.asp?lang=en_us成功
Info 2026-01-28 09:10:37 尝试获取旧版页面标签
Info 2026-01-28 09:10:37 尝试获取新版页面标签
Info 2026-01-28 09:10:37 获取新版标签，开始下载相似度报告
Info 2026-01-28 09:10:37 模拟执行下载按钮点击，让其弹出下载列表
Info 2026-01-28 09:10:42 模拟执行下载报告，等待下载
Info 2026-01-28 09:10:52 下载报告成功,并保存至指定目录：C:\Users\Administrator
Info 2026-01-28 09:10:57 获取新版标签，开始下载AI率报告
Info 2026-01-28 09:10:57 模拟执行下载按钮点击，让其弹出下载列表
Info 2026-01-28 09:11:02 模拟执行下载报告，等待下载
Info 2026-01-28 09:11:12 下载报告成功,并保存至指定目录：C:\Users\Administrator
 2026-01-28 09:11:13 {"msg":"","code":0,"data":{"src":"checkpapers-2026-01-28-T1EqVC4K69796231565f5.pdf","title":""}}
Info 2026-01-28 09:12:21 正在登录https://www.turnitin.com/login_page.asp?lang=en_us，账号为zihengwang@um.edu.mo,密码为：Wzh19970101&&
Info 2026-01-28 09:12:30 登录https://www.turnitin.com/login_page.asp?lang=en_us成功
Info 2026-01-28 09:15:12 正在登录https://www.turnitin.com/login_page.asp?lang=en_us，账号为zihengwang@um.edu.mo,密码为：Wzh19970101&&
Info 2026-01-28 09:15:18 登录https://www.turnitin.com/login_page.asp?lang=en_us成功
Info 2026-01-28 09:16:37 正在登录https://www.turnitin.com/login_page.asp?lang=en_us，账号为zihengwang@um.edu.mo,密码为：Wzh19970101&&
Info 2026-01-28 09:17:02 登录https://www.turnitin.com/login_page.asp?lang=en_us成功
Info 2026-01-28 09:20:05 正在登录https://www.turnitin.com/login_page.asp?lang=en_us，账号为zihengwang@um.edu.mo,密码为：Wzh19970101&&
Info 2026-01-28 09:21:34 登录https://www.turnitin.com/login_page.asp?lang=en_us成功
Info 2026-01-28 09:22:56 正在登录https://www.turnitin.com/login_page.asp?lang=en_us，账号为zihengwang@um.edu.mo,密码为：Wzh19970101&&
Info 2026-01-28 09:23:01 登录https://www.turnitin.com/login_page.asp?lang=en_us成功
Info 2026-01-28 09:24:19 正在登录https://www.turnitin.com/login_page.asp?lang=en_us，账号为zihengwang@um.edu.mo,密码为：Wzh19970101&&
Info 2026-01-28 09:24:24 登录https://www.turnitin.com/login_page.asp?lang=en_us成功
Info 2026-01-28 09:25:43 正在登录https://www.turnitin.com/login_page.asp?lang=en_us，账号为zihengwang@um.edu.mo,密码为：Wzh19970101&&
Info 2026-01-28 09:25:49 登录https://www.turnitin.com/login_page.asp?lang=en_us成功
Info 2026-01-28 09:28:31 正在登录https://www.turnitin.com/login_page.asp?lang=en_us，账号为zihengwang@um.edu.mo,密码为：Wzh19970101&&
Info 2026-01-28 09:30:44 正在登录https://www.turnitin.com/login_page.asp?lang=en_us，账号为zihengwang@um.edu.mo,密码为：Wzh19970101&&
Info 2026-01-28 09:30:54 登录https://www.turnitin.com/login_page.asp?lang=en_us成功
Info 2026-01-28 09:32:15 正在登录https://www.turnitin.com/login_page.asp?lang=en_us，账号为zihengwang@um.edu.mo,密码为：Wzh19970101&&
Info 2026-01-28 09:32:19 登录https://www.turnitin.com/login_page.asp?lang=en_us成功
Info 2026-01-28 09:35:01 正在登录https://www.turnitin.com/login_page.asp?lang=en_us，账号为zihengwang@um.edu.mo,密码为：Wzh19970101&&
Info 2026-01-28 09:36:29 登录https://www.turnitin.com/login_page.asp?lang=en_us成功
Info 2026-01-28 09:42:56 正在登录https://www.turnitin.com/login_page.asp?lang=en_us，账号为zihengwang@um.edu.mo,密码为：Wzh19970101&&
Info 2026-01-28 09:42:59 登录https://www.turnitin.com/login_page.asp?lang=en_us成功
Info 2026-01-28 09:50:19 正在登录https://www.turnitin.com/login_page.asp?lang=en_us，账号为zihengwang@um.edu.mo,密码为：Wzh19970101&&
Info 2026-01-28 09:50:22 登录https://www.turnitin.com/login_page.asp?lang=en_us成功
Info 2026-01-28 09:54:42 正在登录https://www.turnitin.com/login_page.asp?lang=en_us，账号为zihengwang@um.edu.mo,密码为：Wzh19970101&&
Info 2026-01-28 09:54:44 登录https://www.turnitin.com/login_page.asp?lang=en_us成功
Info 2026-01-28 09:57:41 正在登录https://www.turnitin.com/login_page.asp?lang=en_us，账号为zihengwang@um.edu.mo,密码为：Wzh19970101&&
Info 2026-01-28 09:57:49 登录https://www.turnitin.com/login_page.asp?lang=en_us成功
Info 2026-01-28 10:00:49 正在登录https://www.turnitin.com/login_page.asp?lang=en_us，账号为zihengwang@um.edu.mo,密码为：Wzh19970101&&
Info 2026-01-28 10:00:54 登录https://www.turnitin.com/login_page.asp?lang=en_us成功
Info 2026-01-28 10:03:52 正在登录https://www.turnitin.com/login_page.asp?lang=en_us，账号为zihengwang@um.edu.mo,密码为：Wzh19970101&&
Info 2026-01-28 10:03:56 登录https://www.turnitin.com/login_page.asp?lang=en_us成功
Info 2026-01-28 10:05:50 尝试获取旧版页面标签
Info 2026-01-28 10:05:50 尝试获取新版页面标签
Info 2026-01-28 10:05:50 获取新版标签，开始下载相似度报告
Info 2026-01-28 10:05:50 模拟执行下载按钮点击，让其弹出下载列表
Info 2026-01-28 10:05:55 模拟执行下载报告，等待下载
Info 2026-01-28 10:06:10 下载报告成功,并保存至指定目录：C:\Users\Administrator
Info 2026-01-28 10:06:15 获取新版标签，开始下载AI率报告
Info 2026-01-28 10:06:15 模拟执行下载按钮点击，让其弹出下载列表
Info 2026-01-28 10:06:20 模拟执行下载报告，等待下载
Info 2026-01-28 10:06:40 下载报告成功,并保存至指定目录：C:\Users\Administrator
 2026-01-28 10:06:41 {"msg":"","code":0,"data":{"src":"checkpapers-2026-01-28-RfrnDMqy69796f31901e9.pdf","title":""}}
Info 2026-01-28 10:57:16 正在登录https://www.turnitin.com/login_page.asp?lang=en_us，账号为zihengwang@um.edu.mo,密码为：Wzh19970101&&
Info 2026-01-28 10:57:19 登录https://www.turnitin.com/login_page.asp?lang=en_us成功
Info 2026-01-28 10:57:41 尝试获取旧版页面标签
Info 2026-01-28 10:57:41 尝试获取新版页面标签
Info 2026-01-28 10:57:41 获取新版标签，开始下载相似度报告
Info 2026-01-28 10:57:41 模拟执行下载按钮点击，让其弹出下载列表
Info 2026-01-28 10:57:46 模拟执行下载报告，等待下载
Info 2026-01-28 10:57:56 下载报告成功,并保存至指定目录：C:\Users\Administrator
Info 2026-01-28 10:58:01 获取新版标签，开始下载AI率报告
Info 2026-01-28 10:58:01 模拟执行下载按钮点击，让其弹出下载列表
Info 2026-01-28 10:58:06 模拟执行下载报告，等待下载
Info 2026-01-28 10:58:16 下载报告成功,并保存至指定目录：C:\Users\Administrator
 2026-01-28 10:58:17 {"msg":"","code":0,"data":{"src":"checkpapers-2026-01-28-M0Xkaxyc69797b495b1a3.pdf","title":""}}
Info 2026-01-28 11:23:29 正在登录https://www.turnitin.com/login_page.asp?lang=en_us，账号为zihengwang@um.edu.mo,密码为：Wzh19970101&&
Info 2026-01-28 11:23:34 登录https://www.turnitin.com/login_page.asp?lang=en_us成功
Info 2026-01-28 11:23:55 尝试获取旧版页面标签
Info 2026-01-28 11:23:55 尝试获取新版页面标签
Info 2026-01-28 11:23:55 新版旧版标签均获取失败，等待300秒后继续获取
ERROR: 2026-01-28 11:25:36 获取新版标签失败
Info 2026-01-28 11:26:43 正在登录https://www.turnitin.com/login_page.asp?lang=en_us，账号为zihengwang@um.edu.mo,密码为：Wzh19970101&&
Info 2026-01-28 11:26:48 登录https://www.turnitin.com/login_page.asp?lang=en_us成功
Info 2026-01-28 11:27:11 尝试获取旧版页面标签
Info 2026-01-28 11:27:11 尝试获取新版页面标签
Info 2026-01-28 11:27:11 新版旧版标签均获取失败，等待300秒后继续获取
ERROR: 2026-01-28 11:28:51 获取新版标签失败
Info 2026-01-28 11:31:21 正在登录https://www.turnitin.com/login_page.asp?lang=en_us，账号为zihengwang@um.edu.mo,密码为：Wzh19970101&&
Info 2026-01-28 11:32:47 登录https://www.turnitin.com/login_page.asp?lang=en_us成功
Info 2026-01-28 11:33:10 尝试获取旧版页面标签
Info 2026-01-28 11:33:10 尝试获取新版页面标签
Info 2026-01-28 11:33:10 新版旧版标签均获取失败，等待300秒后继续获取
ERROR: 2026-01-28 11:34:50 获取新版标签失败
Info 2026-01-28 11:36:17 正在登录https://www.turnitin.com/login_page.asp?lang=en_us，账号为zihengwang@um.edu.mo,密码为：Wzh19970101&&
Info 2026-01-28 11:36:20 登录https://www.turnitin.com/login_page.asp?lang=en_us成功
Info 2026-01-28 11:36:42 尝试获取旧版页面标签
Info 2026-01-28 11:36:42 尝试获取新版页面标签
Info 2026-01-28 11:36:42 新版旧版标签均获取失败，等待300秒后继续获取
ERROR: 2026-01-28 11:38:22 获取新版标签失败
Info 2026-01-28 11:41:22 正在登录https://www.turnitin.com/login_page.asp?lang=en_us，账号为zihengwang@um.edu.mo,密码为：Wzh19970101&&
Info 2026-01-28 11:41:27 登录https://www.turnitin.com/login_page.asp?lang=en_us成功
Info 2026-01-28 11:41:49 尝试获取旧版页面标签
Info 2026-01-28 11:41:49 尝试获取新版页面标签
Info 2026-01-28 11:41:49 新版旧版标签均获取失败，等待300秒后继续获取
ERROR: 2026-01-28 11:43:29 获取新版标签失败
Info 2026-01-28 11:44:07 尝试获取旧版页面标签
Info 2026-01-28 11:44:07 尝试获取新版页面标签
Info 2026-01-28 11:44:07 获取新版标签，开始下载相似度报告
Info 2026-01-28 11:44:07 模拟执行下载按钮点击，让其弹出下载列表
Info 2026-01-28 11:44:12 模拟执行下载报告，等待下载
Info 2026-01-28 11:44:27 下载报告成功,并保存至指定目录：C:\Users\Administrator
Info 2026-01-28 11:44:32 获取新版标签，开始下载AI率报告
Info 2026-01-28 11:44:32 模拟执行下载按钮点击，让其弹出下载列表
Info 2026-01-28 11:44:37 模拟执行下载报告，等待下载
Info 2026-01-28 11:44:47 下载报告成功,并保存至指定目录：C:\Users\Administrator
 2026-01-28 11:44:48 {"msg":"","code":0,"data":{"src":"checkpapers-2026-01-28-sth1zLED69798630caca9.pdf","title":""}}
Info 2026-01-28 11:45:10 尝试获取旧版页面标签
Info 2026-01-28 11:45:10 尝试获取新版页面标签
Info 2026-01-28 11:45:10 获取新版标签，开始下载相似度报告
Info 2026-01-28 11:45:10 模拟执行下载按钮点击，让其弹出下载列表
Info 2026-01-28 11:45:15 模拟执行下载报告，等待下载
Info 2026-01-28 11:45:30 下载报告成功,并保存至指定目录：C:\Users\Administrator
Info 2026-01-28 11:45:35 获取新版标签，开始下载AI率报告
Info 2026-01-28 11:45:35 模拟执行下载按钮点击，让其弹出下载列表
Info 2026-01-28 11:45:40 模拟执行下载报告，等待下载
Info 2026-01-28 11:45:50 下载报告成功,并保存至指定目录：C:\Users\Administrator
 2026-01-28 11:45:51 {"msg":"","code":0,"data":{"src":"checkpapers-2026-01-28-1TjeVddo6979866fc0aa5.pdf","title":""}}
Info 2026-01-28 11:46:59 正在登录https://www.turnitin.com/login_page.asp?lang=en_us，账号为zihengwang@um.edu.mo,密码为：Wzh19970101&&
Info 2026-01-28 11:47:04 登录https://www.turnitin.com/login_page.asp?lang=en_us成功
Info 2026-01-28 11:47:26 尝试获取旧版页面标签
Info 2026-01-28 11:47:26 尝试获取新版页面标签
Info 2026-01-28 11:47:26 获取新版标签，开始下载相似度报告
Info 2026-01-28 11:47:26 模拟执行下载按钮点击，让其弹出下载列表
Info 2026-01-28 11:47:31 模拟执行下载报告，等待下载
Info 2026-01-28 11:47:46 下载报告成功,并保存至指定目录：C:\Users\Administrator
Info 2026-01-28 11:47:51 获取新版标签，开始下载AI率报告
Info 2026-01-28 11:47:51 模拟执行下载按钮点击，让其弹出下载列表
Info 2026-01-28 11:47:56 模拟执行下载报告，等待下载
Info 2026-01-28 11:48:06 下载报告成功,并保存至指定目录：C:\Users\Administrator
 2026-01-28 11:48:07 {"msg":"","code":0,"data":{"src":"checkpapers-2026-01-28-0ECgs7HK697986f738231.pdf","title":""}}
Info 2026-01-28 11:48:29 尝试获取旧版页面标签
Info 2026-01-28 11:48:29 尝试获取新版页面标签
Info 2026-01-28 11:48:29 获取新版标签，开始下载相似度报告
Info 2026-01-28 11:48:29 模拟执行下载按钮点击，让其弹出下载列表
Info 2026-01-28 11:48:34 模拟执行下载报告，等待下载
Info 2026-01-28 11:48:44 下载报告成功,并保存至指定目录：C:\Users\Administrator
Info 2026-01-28 11:48:49 获取新版标签，开始下载AI率报告
Info 2026-01-28 11:48:49 模拟执行下载按钮点击，让其弹出下载列表
Info 2026-01-28 11:48:54 模拟执行下载报告，等待下载
Info 2026-01-28 11:49:04 下载报告成功,并保存至指定目录：C:\Users\Administrator
 2026-01-28 11:49:05 {"msg":"","code":0,"data":{"src":"checkpapers-2026-01-28-qzsnrdrN69798731c9da1.pdf","title":""}}
Info 2026-01-28 11:49:28 尝试获取旧版页面标签
Info 2026-01-28 11:49:28 尝试获取新版页面标签
Info 2026-01-28 11:49:28 获取新版标签，开始下载相似度报告
Info 2026-01-28 11:49:28 模拟执行下载按钮点击，让其弹出下载列表
Info 2026-01-28 11:49:33 模拟执行下载报告，等待下载
Info 2026-01-28 11:49:43 下载报告成功,并保存至指定目录：C:\Users\Administrator
Info 2026-01-28 11:49:48 获取新版标签，开始下载AI率报告
Info 2026-01-28 11:49:48 模拟执行下载按钮点击，让其弹出下载列表
Info 2026-01-28 11:49:53 模拟执行下载报告，等待下载
Info 2026-01-28 11:50:03 下载报告成功,并保存至指定目录：C:\Users\Administrator
 2026-01-28 11:50:04 {"msg":"","code":0,"data":{"src":"checkpapers-2026-01-28-rZNls29J6979876c52967.pdf","title":""}}
Info 2026-01-28 11:51:13 正在登录https://www.turnitin.com/login_page.asp?lang=en_us，账号为zihengwang@um.edu.mo,密码为：Wzh19970101&&
Info 2026-01-28 11:51:18 登录https://www.turnitin.com/login_page.asp?lang=en_us成功
Info 2026-01-28 11:51:39 尝试获取旧版页面标签
Info 2026-01-28 11:51:39 尝试获取新版页面标签
Info 2026-01-28 11:51:39 获取新版标签，开始下载相似度报告
Info 2026-01-28 11:51:39 模拟执行下载按钮点击，让其弹出下载列表
Info 2026-01-28 11:51:44 模拟执行下载报告，等待下载
Info 2026-01-28 11:51:59 下载报告成功,并保存至指定目录：C:\Users\Administrator
Info 2026-01-28 11:52:05 获取新版标签，开始下载AI率报告
Info 2026-01-28 11:52:05 模拟执行下载按钮点击，让其弹出下载列表
Info 2026-01-28 11:52:10 模拟执行下载报告，等待下载
Info 2026-01-28 11:52:20 下载报告成功,并保存至指定目录：C:\Users\Administrator
 2026-01-28 11:52:20 {"msg":"","code":0,"data":{"src":"checkpapers-2026-01-28-TYjwZadC697987f4e654f.pdf","title":""}}
Info 2026-01-28 11:55:29 正在登录https://www.turnitin.com/login_page.asp?lang=en_us，账号为zihengwang@um.edu.mo,密码为：Wzh19970101&&
Info 2026-01-28 11:55:33 登录https://www.turnitin.com/login_page.asp?lang=en_us成功
Info 2026-01-28 11:55:56 尝试获取旧版页面标签
Info 2026-01-28 11:55:56 尝试获取新版页面标签
Info 2026-01-28 11:55:56 新版旧版标签均获取失败，等待300秒后继续获取
Info 2026-01-28 11:56:09 获取新版标签，开始下载相似度报告
Info 2026-01-28 11:56:14 获取新版标签，开始下载AI率报告
Info 2026-01-28 11:56:14 模拟执行下载按钮点击，让其弹出下载列表
Info 2026-01-28 11:56:19 模拟执行下载报告，等待下载
Info 2026-01-28 11:56:29 下载报告成功,并保存至指定目录：C:\Users\Administrator
Info 2026-01-28 11:56:34 模拟执行下载按钮点击，让其弹出下载列表
Info 2026-01-28 11:56:39 模拟执行下载报告，等待下载
Info 2026-01-28 11:56:49 下载报告成功,并保存至指定目录：C:\Users\Administrator
 2026-01-28 11:56:49 {"msg":"","code":0,"data":{"src":"checkpapers-2026-01-28-9q5POfEU6979890219ee8.pdf","title":""}}
Info 2026-01-28 13:47:10 正在登录https://www.turnitin.com/login_page.asp?lang=en_us，账号为zihengwang@um.edu.mo,密码为：Wzh19970101&&
Info 2026-01-28 13:47:15 登录https://www.turnitin.com/login_page.asp?lang=en_us成功
Info 2026-01-28 13:47:37 尝试获取旧版页面标签
Info 2026-01-28 13:47:37 尝试获取新版页面标签
Info 2026-01-28 13:47:37 获取新版标签，开始下载相似度报告
Info 2026-01-28 13:47:37 模拟执行下载按钮点击，让其弹出下载列表
Info 2026-01-28 13:47:42 模拟执行下载报告，等待下载
Info 2026-01-28 13:48:02 下载报告成功,并保存至指定目录：C:\Users\Administrator
Info 2026-01-28 13:48:07 获取新版标签，开始下载AI率报告
Info 2026-01-28 13:48:07 模拟执行下载按钮点击，让其弹出下载列表
Info 2026-01-28 13:48:12 模拟执行下载报告，等待下载
Info 2026-01-28 13:48:22 下载报告成功,并保存至指定目录：C:\Users\Administrator
 2026-01-28 13:48:23 {"msg":"","code":0,"data":{"src":"checkpapers-2026-01-28-lHWj6d246979a3279c7d8.pdf","title":""}}
Info 2026-01-28 14:04:33 正在登录https://www.turnitin.com/login_page.asp?lang=en_us，账号为zihengwang@um.edu.mo,密码为：Wzh19970101&&
Info 2026-01-28 14:04:37 登录https://www.turnitin.com/login_page.asp?lang=en_us成功
Info 2026-01-28 14:04:59 尝试获取旧版页面标签
Info 2026-01-28 14:04:59 尝试获取新版页面标签
Info 2026-01-28 14:04:59 获取新版标签，开始下载相似度报告
Info 2026-01-28 14:04:59 模拟执行下载按钮点击，让其弹出下载列表
Info 2026-01-28 14:05:04 模拟执行下载报告，等待下载
Info 2026-01-28 14:05:19 下载报告成功,并保存至指定目录：C:\Users\Administrator
Info 2026-01-28 14:05:24 获取新版标签，开始下载AI率报告
Info 2026-01-28 14:05:24 模拟执行下载按钮点击，让其弹出下载列表
Info 2026-01-28 14:05:29 模拟执行下载报告，等待下载
Info 2026-01-28 14:05:44 下载报告成功,并保存至指定目录：C:\Users\Administrator
 2026-01-28 14:05:45 {"msg":"","code":0,"data":{"src":"checkpapers-2026-01-28-tCX3wYAL6979a739bff67.pdf","title":""}}
Info 2026-01-28 14:29:57 正在登录https://www.turnitin.com/login_page.asp?lang=en_us，账号为zihengwang@um.edu.mo,密码为：Wzh19970101&&
Info 2026-01-28 14:30:15 登录https://www.turnitin.com/login_page.asp?lang=en_us成功
Info 2026-01-28 14:30:39 尝试获取旧版页面标签
Info 2026-01-28 14:30:39 尝试获取新版页面标签
Info 2026-01-28 14:30:39 新版旧版标签均获取失败，等待300秒后继续获取
Info 2026-01-28 14:30:45 获取新版标签，开始下载相似度报告
Info 2026-01-28 14:30:50 获取新版标签，开始下载AI率报告
Info 2026-01-28 14:30:50 模拟执行下载按钮点击，让其弹出下载列表
Info 2026-01-28 14:30:55 模拟执行下载报告，等待下载
Info 2026-01-28 14:31:10 下载报告成功,并保存至指定目录：C:\Users\Administrator
Info 2026-01-28 14:31:19 模拟执行下载按钮点击，让其弹出下载列表
Info 2026-01-28 14:31:25 模拟执行下载报告，等待下载
Info 2026-01-28 14:31:40 下载报告成功,并保存至指定目录：C:\Users\Administrator
 2026-01-28 14:31:42 {"msg":"","code":0,"data":{"src":"checkpapers-2026-01-28-BSg9TxGL6979ad4e96c4a.pdf","title":""}}
Info 2026-01-28 15:20:02 正在登录https://www.turnitin.com/login_page.asp?lang=en_us，账号为zihengwang@um.edu.mo,密码为：Wzh19970101&&
Info 2026-01-28 15:20:07 登录https://www.turnitin.com/login_page.asp?lang=en_us成功
Info 2026-01-28 15:20:30 尝试获取旧版页面标签
Info 2026-01-28 15:20:30 尝试获取新版页面标签
Info 2026-01-28 15:20:31 获取新版标签，开始下载相似度报告
Info 2026-01-28 15:20:36 获取新版标签，开始下载AI率报告
Info 2026-01-28 15:20:36 模拟执行下载按钮点击，让其弹出下载列表
Info 2026-01-28 15:20:42 模拟执行下载报告，等待下载
Info 2026-01-28 15:20:57 下载报告成功,并保存至指定目录：C:\Users\Administrator
Info 2026-01-28 15:21:04 模拟执行下载按钮点击，让其弹出下载列表
Info 2026-01-28 15:21:09 模拟执行下载报告，等待下载
Info 2026-01-28 15:21:24 下载报告成功,并保存至指定目录：C:\Users\Administrator
 2026-01-28 15:21:40 {"msg":"","code":0,"data":{"src":"checkpapers-2026-01-28-klrPKrF36979b904a4658.pdf","title":""}}
Error 2026-01-28 15:34:10 打开https://www.turnitin.com/login_page.asp?lang=en_us失败，可能不是登录页面或者链接超时
 2026-01-28 15:34:17 Traceback (most recent call last):
  File "C:\Program Files\python\lib\site-packages\urllib3\connectionpool.py", line 466, in _make_request
    six.raise_from(e, None)
  File "<string>", line 3, in raise_from
  File "C:\Program Files\python\lib\site-packages\urllib3\connectionpool.py", line 461, in _make_request
    httplib_response = conn.getresponse()
  File "C:\Program Files\python\lib\http\client.py", line 1368, in getresponse
    response.begin()
  File "C:\Program Files\python\lib\http\client.py", line 317, in begin
    version, status, reason = self._read_status()
  File "C:\Program Files\python\lib\http\client.py", line 278, in _read_status
    line = str(self.fp.readline(_MAXLINE + 1), "iso-8859-1")
  File "C:\Program Files\python\lib\socket.py", line 705, in readinto
    return self._sock.recv_into(b)
TimeoutError: timed out

During handling of the above exception, another exception occurred:

Traceback (most recent call last):
  File "Y:\E\workspace\WebCrawlerV2\tuturnitinUK.py", line 296, in login
    driver.get(url)
  File "C:\Program Files\python\lib\site-packages\undetected_chromedriver\__init__.py", line 629, in get_wrapped
    return orig_get(*args, **kwargs)
  File "C:\Program Files\python\lib\site-packages\undetected_chromedriver\__init__.py", line 665, in get
    return super().get(url)
  File "C:\Program Files\python\lib\site-packages\selenium\webdriver\remote\webdriver.py", line 473, in get
    self.execute(Command.GET, {"url": url})
  File "C:\Program Files\python\lib\site-packages\selenium\webdriver\remote\webdriver.py", line 446, in execute
    response = self.command_executor.execute(driver_command, params)
  File "C:\Program Files\python\lib\site-packages\selenium\webdriver\remote\remote_connection.py", line 404, in execute
    return self._request(command_info[0], url, body=data)
  File "C:\Program Files\python\lib\site-packages\selenium\webdriver\remote\remote_connection.py", line 428, in _request
    response = self._conn.request(method, url, body=body, headers=headers, timeout=self._client_config.timeout)
  File "C:\Program Files\python\lib\site-packages\urllib3\request.py", line 78, in request
    return self.request_encode_body(
  File "C:\Program Files\python\lib\site-packages\urllib3\request.py", line 170, in request_encode_body
    return self.urlopen(method, url, **extra_kw)
  File "C:\Program Files\python\lib\site-packages\urllib3\poolmanager.py", line 376, in urlopen
    response = conn.urlopen(method, u.request_uri, **kw)
  File "C:\Program Files\python\lib\site-packages\urllib3\connectionpool.py", line 798, in urlopen
    retries = retries.increment(
  File "C:\Program Files\python\lib\site-packages\urllib3\util\retry.py", line 550, in increment
    raise six.reraise(type(error), error, _stacktrace)
  File "C:\Program Files\python\lib\site-packages\urllib3\packages\six.py", line 770, in reraise
    raise value
  File "C:\Program Files\python\lib\site-packages\urllib3\connectionpool.py", line 714, in urlopen
    httplib_response = self._make_request(
  File "C:\Program Files\python\lib\site-packages\urllib3\connectionpool.py", line 468, in _make_request
    self._raise_timeout(err=e, url=url, timeout_value=read_timeout)
  File "C:\Program Files\python\lib\site-packages\urllib3\connectionpool.py", line 357, in _raise_timeout
    raise ReadTimeoutError(
urllib3.exceptions.ReadTimeoutError: HTTPConnectionPool(host='localhost', port=64530): Read timed out. (read timeout=120)

Info 2026-01-28 15:55:17 正在登录https://www.turnitin.com/login_page.asp?lang=en_us，账号为zihengwang@um.edu.mo,密码为：Wzh19970101&&
Info 2026-01-28 15:55:27 登录https://www.turnitin.com/login_page.asp?lang=en_us成功
Info 2026-01-28 15:55:55 尝试获取旧版页面标签
Info 2026-01-28 15:55:55 尝试获取新版页面标签
Info 2026-01-28 15:55:55 获取新版标签，开始下载相似度报告
Info 2026-01-28 15:55:55 模拟执行下载按钮点击，让其弹出下载列表
Info 2026-01-28 15:56:02 模拟执行下载报告，等待下载
Info 2026-01-28 15:56:22 下载报告成功,并保存至指定目录：C:\Users\Administrator
Info 2026-01-28 15:56:27 获取新版标签，开始下载AI率报告
Info 2026-01-28 15:56:27 模拟执行下载按钮点击，让其弹出下载列表
Info 2026-01-28 15:56:33 模拟执行下载报告，等待下载
Info 2026-01-28 15:56:48 下载报告成功,并保存至指定目录：C:\Users\Administrator
 2026-01-28 15:56:49 {"msg":"","code":0,"data":{"src":"checkpapers-2026-01-28-LtANu4HV6979c1416af84.pdf","title":""}}
Info 2026-01-28 15:57:12 尝试获取旧版页面标签
Info 2026-01-28 15:57:13 尝试获取新版页面标签
Info 2026-01-28 15:57:13 获取新版标签，开始下载相似度报告
Info 2026-01-28 15:57:13 模拟执行下载按钮点击，让其弹出下载列表
Info 2026-01-28 15:57:18 模拟执行下载报告，等待下载
Info 2026-01-28 15:57:33 下载报告成功,并保存至指定目录：C:\Users\Administrator
Info 2026-01-28 15:57:38 获取新版标签，开始下载AI率报告
Info 2026-01-28 15:57:38 模拟执行下载按钮点击，让其弹出下载列表
Info 2026-01-28 15:57:43 模拟执行下载报告，等待下载
Info 2026-01-28 15:57:53 下载报告成功,并保存至指定目录：C:\Users\Administrator
 2026-01-28 15:57:54 {"msg":"","code":0,"data":{"src":"checkpapers-2026-01-28-Gn7Yl9Z06979c18322a41.pdf","title":""}}
Info 2026-01-28 15:58:18 尝试获取旧版页面标签
Info 2026-01-28 15:58:18 尝试获取新版页面标签
Info 2026-01-28 15:58:18 获取新版标签，开始下载相似度报告
Info 2026-01-28 15:58:18 模拟执行下载按钮点击，让其弹出下载列表
Info 2026-01-28 15:58:30 模拟执行下载报告，等待下载
Info 2026-01-28 15:58:45 下载报告成功,并保存至指定目录：C:\Users\Administrator
Info 2026-01-28 15:58:50 获取新版标签，开始下载AI率报告
Info 2026-01-28 15:58:50 模拟执行下载按钮点击，让其弹出下载列表
Info 2026-01-28 15:58:55 模拟执行下载报告，等待下载
Info 2026-01-28 15:59:05 下载报告成功,并保存至指定目录：C:\Users\Administrator
 2026-01-28 15:59:08 {"msg":"","code":0,"data":{"src":"checkpapers-2026-01-28-SwJgEEsM6979c1cc704e0.pdf","title":""}}
Info 2026-01-28 15:59:30 尝试获取旧版页面标签
Info 2026-01-28 15:59:30 尝试获取新版页面标签
Info 2026-01-28 15:59:30 获取新版标签，开始下载相似度报告
Info 2026-01-28 15:59:30 模拟执行下载按钮点击，让其弹出下载列表
Info 2026-01-28 15:59:35 模拟执行下载报告，等待下载
Info 2026-01-28 16:00:03 下载报告成功,并保存至指定目录：C:\Users\Administrator
Info 2026-01-28 16:00:08 获取新版标签，开始下载AI率报告
Info 2026-01-28 16:00:08 模拟执行下载按钮点击，让其弹出下载列表
Info 2026-01-28 16:00:14 模拟执行下载报告，等待下载
Info 2026-01-28 16:00:34 下载报告成功,并保存至指定目录：C:\Users\Administrator
 2026-01-28 16:00:34 {"msg":"","code":0,"data":{"src":"checkpapers-2026-01-28-bEkzdCrN6979c223482d5.pdf","title":""}}
Error 2026-01-28 16:19:38 打开http://api.shengxin.ren/api/tuturnitin/getTaskQueue?method=downloadAI失败，可能链接超时
 2026-01-28 16:19:38 Traceback (most recent call last):
  File "C:\Program Files\python\lib\site-packages\urllib3\connection.py", line 174, in _new_conn
    conn = connection.create_connection(
  File "C:\Program Files\python\lib\site-packages\urllib3\util\connection.py", line 72, in create_connection
    for res in socket.getaddrinfo(host, port, family, socket.SOCK_STREAM):
  File "C:\Program Files\python\lib\socket.py", line 955, in getaddrinfo
    for res in _socket.getaddrinfo(host, port, family, type, proto, flags):
socket.gaierror: [Errno 11001] getaddrinfo failed

During handling of the above exception, another exception occurred:

Traceback (most recent call last):
  File "C:\Program Files\python\lib\site-packages\urllib3\connectionpool.py", line 714, in urlopen
    httplib_response = self._make_request(
  File "C:\Program Files\python\lib\site-packages\urllib3\connectionpool.py", line 415, in _make_request
    conn.request(method, url, **httplib_request_kw)
  File "C:\Program Files\python\lib\site-packages\urllib3\connection.py", line 244, in request
    super(HTTPConnection, self).request(method, url, body=body, headers=headers)
  File "C:\Program Files\python\lib\http\client.py", line 1276, in request
    self._send_request(method, url, body, headers, encode_chunked)
  File "C:\Program Files\python\lib\http\client.py", line 1322, in _send_request
    self.endheaders(body, encode_chunked=encode_chunked)
  File "C:\Program Files\python\lib\http\client.py", line 1271, in endheaders
    self._send_output(message_body, encode_chunked=encode_chunked)
  File "C:\Program Files\python\lib\http\client.py", line 1031, in _send_output
    self.send(msg)
  File "C:\Program Files\python\lib\http\client.py", line 969, in send
    self.connect()
  File "C:\Program Files\python\lib\site-packages\urllib3\connection.py", line 205, in connect
    conn = self._new_conn()
  File "C:\Program Files\python\lib\site-packages\urllib3\connection.py", line 186, in _new_conn
    raise NewConnectionError(
urllib3.exceptions.NewConnectionError: <urllib3.connection.HTTPConnection object at 0x00000219085DA560>: Failed to establish a new connection: [Errno 11001] getaddrinfo failed

During handling of the above exception, another exception occurred:

Traceback (most recent call last):
  File "C:\Program Files\python\lib\site-packages\requests\adapters.py", line 667, in send
    resp = conn.urlopen(
  File "C:\Program Files\python\lib\site-packages\urllib3\connectionpool.py", line 798, in urlopen
    retries = retries.increment(
  File "C:\Program Files\python\lib\site-packages\urllib3\util\retry.py", line 592, in increment
    raise MaxRetryError(_pool, url, error or ResponseError(cause))
urllib3.exceptions.MaxRetryError: HTTPConnectionPool(host='api.shengxin.ren', port=80): Max retries exceeded with url: /api/tuturnitin/getTaskQueue?method=downloadAI (Caused by NewConnectionError('<urllib3.connection.HTTPConnection object at 0x00000219085DA560>: Failed to establish a new connection: [Errno 11001] getaddrinfo failed'))

During handling of the above exception, another exception occurred:

Traceback (most recent call last):
  File "Y:\E\workspace\WebCrawlerV2\tuturnitinUK.py", line 98, in getQueryJson
    r=requests.get(url,parm,timeout=30)
  File "C:\Program Files\python\lib\site-packages\requests\api.py", line 73, in get
    return request("get", url, params=params, **kwargs)
  File "C:\Program Files\python\lib\site-packages\requests\api.py", line 59, in request
    return session.request(method=method, url=url, **kwargs)
  File "C:\Program Files\python\lib\site-packages\requests\sessions.py", line 589, in request
    resp = self.send(prep, **send_kwargs)
  File "C:\Program Files\python\lib\site-packages\requests\sessions.py", line 703, in send
    r = adapter.send(request, **kwargs)
  File "C:\Program Files\python\lib\site-packages\requests\adapters.py", line 700, in send
    raise ConnectionError(e, request=request)
requests.exceptions.ConnectionError: HTTPConnectionPool(host='api.shengxin.ren', port=80): Max retries exceeded with url: /api/tuturnitin/getTaskQueue?method=downloadAI (Caused by NewConnectionError('<urllib3.connection.HTTPConnection object at 0x00000219085DA560>: Failed to establish a new connection: [Errno 11001] getaddrinfo failed'))

Info 2026-01-28 16:53:14 正在登录https://www.turnitin.com/login_page.asp?lang=en_us，账号为zihengwang@um.edu.mo,密码为：Wzh19970101&&
Info 2026-01-28 16:53:23 登录https://www.turnitin.com/login_page.asp?lang=en_us成功
Info 2026-01-28 16:53:50 尝试获取旧版页面标签
Info 2026-01-28 16:53:51 尝试获取新版页面标签
Info 2026-01-28 16:53:52 获取新版标签，开始下载相似度报告
Info 2026-01-28 16:53:52 模拟执行下载按钮点击，让其弹出下载列表
Info 2026-01-28 16:53:57 模拟执行下载报告，等待下载
Info 2026-01-28 16:54:12 下载报告成功,并保存至指定目录：C:\Users\Administrator
Info 2026-01-28 16:54:17 获取新版标签，开始下载AI率报告
Info 2026-01-28 16:54:18 模拟执行下载按钮点击，让其弹出下载列表
Info 2026-01-28 16:54:23 模拟执行下载报告，等待下载
Info 2026-01-28 16:54:34 下载报告成功,并保存至指定目录：C:\Users\Administrator
 2026-01-28 16:54:35 {"msg":"","code":0,"data":{"src":"checkpapers-2026-01-28-v2N1dTOP6979cecbe40af.pdf","title":""}}
Info 2026-01-28 17:41:56 正在登录https://www.turnitin.com/login_page.asp?lang=en_us，账号为zihengwang@um.edu.mo,密码为：Wzh19970101&&
Info 2026-01-28 17:42:12 登录https://www.turnitin.com/login_page.asp?lang=en_us成功
Info 2026-01-28 17:42:38 尝试获取旧版页面标签
Info 2026-01-28 17:42:39 尝试获取新版页面标签
Info 2026-01-28 17:42:39 新版旧版标签均获取失败，等待300秒后继续获取
Info 2026-01-28 17:42:44 获取新版标签，开始下载相似度报告
Info 2026-01-28 17:42:50 获取新版标签，开始下载AI率报告
Info 2026-01-28 17:42:50 模拟执行下载按钮点击，让其弹出下载列表
Info 2026-01-28 17:42:55 模拟执行下载报告，等待下载
Info 2026-01-28 17:43:11 下载报告成功,并保存至指定目录：C:\Users\Administrator
Info 2026-01-28 17:43:21 模拟执行下载按钮点击，让其弹出下载列表
Info 2026-01-28 17:43:26 模拟执行下载报告，等待下载
Info 2026-01-28 17:43:41 下载报告成功,并保存至指定目录：C:\Users\Administrator
 2026-01-28 17:44:01 {"msg":"","code":0,"data":{"src":"checkpapers-2026-01-28-8xWeIUvg6979da6298d32.pdf","title":""}}
Info 2026-01-28 18:09:34 正在登录https://www.turnitin.com/login_page.asp?lang=en_us，账号为zihengwang@um.edu.mo,密码为：Wzh19970101&&
Info 2026-01-28 18:10:24 登录https://www.turnitin.com/login_page.asp?lang=en_us成功
Info 2026-01-28 18:12:48 尝试获取旧版页面标签
Info 2026-01-28 18:13:00 尝试获取新版页面标签
Info 2026-01-28 18:13:08 新版旧版标签均获取失败，等待300秒后继续获取
Info 2026-01-28 18:13:13 获取新版标签，开始下载相似度报告
Info 2026-01-28 18:13:16 模拟执行下载按钮点击，让其弹出下载列表
Info 2026-01-28 18:13:23 模拟执行下载报告，等待下载
Info 2026-01-28 18:13:44 下载报告成功,并保存至指定目录：C:\Users\Administrator
Info 2026-01-28 18:13:53 获取新版标签，开始下载AI率报告
Info 2026-01-28 18:13:56 模拟执行下载按钮点击，让其弹出下载列表
Info 2026-01-28 18:14:04 模拟执行下载报告，等待下载
Info 2026-01-28 18:14:30 下载报告成功,并保存至指定目录：C:\Users\Administrator
 2026-01-28 18:14:47 {"msg":"","code":0,"data":{"src":"checkpapers-2026-01-28-QqEKTjeJ6979e197c689c.pdf","title":""}}
Info 2026-01-28 18:18:25 正在登录https://www.turnitin.com/login_page.asp?lang=en_us，账号为zihengwang@um.edu.mo,密码为：Wzh19970101&&
Info 2026-01-28 18:18:54 登录https://www.turnitin.com/login_page.asp?lang=en_us成功
Error 2026-01-28 18:26:34 打开https://www.turnitin.com/login_page.asp?lang=en_us失败，可能不是登录页面或者链接超时
 2026-01-28 18:26:37 Traceback (most recent call last):
  File "C:\Program Files\python\lib\site-packages\urllib3\connectionpool.py", line 466, in _make_request
    six.raise_from(e, None)
  File "<string>", line 3, in raise_from
  File "C:\Program Files\python\lib\site-packages\urllib3\connectionpool.py", line 461, in _make_request
    httplib_response = conn.getresponse()
  File "C:\Program Files\python\lib\http\client.py", line 1368, in getresponse
    response.begin()
  File "C:\Program Files\python\lib\http\client.py", line 317, in begin
    version, status, reason = self._read_status()
  File "C:\Program Files\python\lib\http\client.py", line 278, in _read_status
    line = str(self.fp.readline(_MAXLINE + 1), "iso-8859-1")
  File "C:\Program Files\python\lib\socket.py", line 705, in readinto
    return self._sock.recv_into(b)
TimeoutError: timed out

During handling of the above exception, another exception occurred:

Traceback (most recent call last):
  File "Y:\E\workspace\WebCrawlerV2\tuturnitinUK.py", line 296, in login
    driver.get(url)
  File "C:\Program Files\python\lib\site-packages\undetected_chromedriver\__init__.py", line 629, in get_wrapped
    return orig_get(*args, **kwargs)
  File "C:\Program Files\python\lib\site-packages\undetected_chromedriver\__init__.py", line 665, in get
    return super().get(url)
  File "C:\Program Files\python\lib\site-packages\selenium\webdriver\remote\webdriver.py", line 473, in get
    self.execute(Command.GET, {"url": url})
  File "C:\Program Files\python\lib\site-packages\selenium\webdriver\remote\webdriver.py", line 446, in execute
    response = self.command_executor.execute(driver_command, params)
  File "C:\Program Files\python\lib\site-packages\selenium\webdriver\remote\remote_connection.py", line 404, in execute
    return self._request(command_info[0], url, body=data)
  File "C:\Program Files\python\lib\site-packages\selenium\webdriver\remote\remote_connection.py", line 428, in _request
    response = self._conn.request(method, url, body=body, headers=headers, timeout=self._client_config.timeout)
  File "C:\Program Files\python\lib\site-packages\urllib3\request.py", line 78, in request
    return self.request_encode_body(
  File "C:\Program Files\python\lib\site-packages\urllib3\request.py", line 170, in request_encode_body
    return self.urlopen(method, url, **extra_kw)
  File "C:\Program Files\python\lib\site-packages\urllib3\poolmanager.py", line 376, in urlopen
    response = conn.urlopen(method, u.request_uri, **kw)
  File "C:\Program Files\python\lib\site-packages\urllib3\connectionpool.py", line 798, in urlopen
    retries = retries.increment(
  File "C:\Program Files\python\lib\site-packages\urllib3\util\retry.py", line 550, in increment
    raise six.reraise(type(error), error, _stacktrace)
  File "C:\Program Files\python\lib\site-packages\urllib3\packages\six.py", line 770, in reraise
    raise value
  File "C:\Program Files\python\lib\site-packages\urllib3\connectionpool.py", line 714, in urlopen
    httplib_response = self._make_request(
  File "C:\Program Files\python\lib\site-packages\urllib3\connectionpool.py", line 468, in _make_request
    self._raise_timeout(err=e, url=url, timeout_value=read_timeout)
  File "C:\Program Files\python\lib\site-packages\urllib3\connectionpool.py", line 357, in _raise_timeout
    raise ReadTimeoutError(
urllib3.exceptions.ReadTimeoutError: HTTPConnectionPool(host='localhost', port=54047): Read timed out. (read timeout=120)

Error 2026-01-28 18:30:43 打开https://www.turnitin.com/login_page.asp?lang=en_us失败，可能不是登录页面或者链接超时
 2026-01-28 18:30:43 Traceback (most recent call last):
  File "C:\Program Files\python\lib\site-packages\urllib3\connectionpool.py", line 466, in _make_request
    six.raise_from(e, None)
  File "<string>", line 3, in raise_from
  File "C:\Program Files\python\lib\site-packages\urllib3\connectionpool.py", line 461, in _make_request
    httplib_response = conn.getresponse()
  File "C:\Program Files\python\lib\http\client.py", line 1368, in getresponse
    response.begin()
  File "C:\Program Files\python\lib\http\client.py", line 317, in begin
    version, status, reason = self._read_status()
  File "C:\Program Files\python\lib\http\client.py", line 278, in _read_status
    line = str(self.fp.readline(_MAXLINE + 1), "iso-8859-1")
  File "C:\Program Files\python\lib\socket.py", line 705, in readinto
    return self._sock.recv_into(b)
TimeoutError: timed out

During handling of the above exception, another exception occurred:

Traceback (most recent call last):
  File "Y:\E\workspace\WebCrawlerV2\tuturnitinUK.py", line 296, in login
    driver.get(url)
  File "C:\Program Files\python\lib\site-packages\undetected_chromedriver\__init__.py", line 629, in get_wrapped
    return orig_get(*args, **kwargs)
  File "C:\Program Files\python\lib\site-packages\undetected_chromedriver\__init__.py", line 665, in get
    return super().get(url)
  File "C:\Program Files\python\lib\site-packages\selenium\webdriver\remote\webdriver.py", line 473, in get
    self.execute(Command.GET, {"url": url})
  File "C:\Program Files\python\lib\site-packages\selenium\webdriver\remote\webdriver.py", line 446, in execute
    response = self.command_executor.execute(driver_command, params)
  File "C:\Program Files\python\lib\site-packages\selenium\webdriver\remote\remote_connection.py", line 404, in execute
    return self._request(command_info[0], url, body=data)
  File "C:\Program Files\python\lib\site-packages\selenium\webdriver\remote\remote_connection.py", line 428, in _request
    response = self._conn.request(method, url, body=body, headers=headers, timeout=self._client_config.timeout)
  File "C:\Program Files\python\lib\site-packages\urllib3\request.py", line 78, in request
    return self.request_encode_body(
  File "C:\Program Files\python\lib\site-packages\urllib3\request.py", line 170, in request_encode_body
    return self.urlopen(method, url, **extra_kw)
  File "C:\Program Files\python\lib\site-packages\urllib3\poolmanager.py", line 376, in urlopen
    response = conn.urlopen(method, u.request_uri, **kw)
  File "C:\Program Files\python\lib\site-packages\urllib3\connectionpool.py", line 798, in urlopen
    retries = retries.increment(
  File "C:\Program Files\python\lib\site-packages\urllib3\util\retry.py", line 550, in increment
    raise six.reraise(type(error), error, _stacktrace)
  File "C:\Program Files\python\lib\site-packages\urllib3\packages\six.py", line 770, in reraise
    raise value
  File "C:\Program Files\python\lib\site-packages\urllib3\connectionpool.py", line 714, in urlopen
    httplib_response = self._make_request(
  File "C:\Program Files\python\lib\site-packages\urllib3\connectionpool.py", line 468, in _make_request
    self._raise_timeout(err=e, url=url, timeout_value=read_timeout)
  File "C:\Program Files\python\lib\site-packages\urllib3\connectionpool.py", line 357, in _raise_timeout
    raise ReadTimeoutError(
urllib3.exceptions.ReadTimeoutError: HTTPConnectionPool(host='localhost', port=54160): Read timed out. (read timeout=120)

Error 2026-01-29 19:07:40 打开https://www.turnitin.com/login_page.asp?lang=en_us失败，可能不是登录页面或者链接超时
 2026-01-29 19:07:40 Traceback (most recent call last):
  File "Y:\E\workspace\WebCrawlerV2\tuturnitinUK.py", line 299, in login
    driver.get(url)
  File "C:\Program Files\python\lib\site-packages\selenium\webdriver\remote\webdriver.py", line 473, in get
    self.execute(Command.GET, {"url": url})
  File "C:\Program Files\python\lib\site-packages\selenium\webdriver\remote\webdriver.py", line 448, in execute
    self.error_handler.check_response(response)
  File "C:\Program Files\python\lib\site-packages\selenium\webdriver\remote\errorhandler.py", line 232, in check_response
    raise exception_class(message, screen, stacktrace)
selenium.common.exceptions.WebDriverException: Message: tab crashed
  (Session info: chrome=144.0.7559.110)


